ROTACIÓN DUANA;;;;;;
MEDICAMENTO;MOLECULA;PROMEDIO MES;STOCK FARMACIA;PEDIDO 60 DIAS;;STOCK BODEGA
5-FLUORACILO 2.5% CREMA | TUBO X 15g. QUIFARMA;FLUOROURACILO;1;3;0;;83
5-FLUORACILO 5% UNGUENTO | TUBO X 30 GR. QUIFARMA;FLUOROURACILO;5;11;0;;43
ABACAVIR 300MG TABLETA | CAJA X 30. EUROPACK;ABACAVIR;885;1470;300;;3890
ABACAVIR+LAMIVUDINA 600+300MG TABLETA | CAJA X 30. EUROPACK;ABACAVIR+LAMIVUDINA;480;660;300;;15670
ACEITE DE RICINO 92.4g LIQUIDO ORAL USP | FRASCO X 30mL. PRODUCTOS DROGAM;ACEITE DE RICINO;1;4;0;;0
ACETAMINOFEN 150mg/5ml JARABE | FRASCO X 60ML. LAPROFF;ACETAMINOFEN;47;88;6;;11893
ACETAMINOFEN 500MG TABLETA | CAJA X 100. LAFRANCOL;ACETAMINOFEN;30677;53707;7647;;871790
ACETATO DE ALUMINIO 0.059% LOCION | FRASCO X 120ML. LICOL;ALUMINIO ACETATO;187;308;66;;8202
ACETATO DE ALUMINIO Ph4.2MG SOBRE | CAJA X 25 SOBRES. WINTHROOP;ALUMINIO ACETATO;128;289;0;;8993
ACETAZOLAMIDA 250MG TABLETA | CAJA X 30. PROCAPS;ACETAZOLAMIDA;10;38;0;;210
ACICLOVIR 100MG/5ML JARABE | FRASCO X 90ML. GEN-FAR S.A;ACICLOVIR;0;2;0;;103
ACICLOVIR 200MG TABLETA | CAJA X 24. LA SANTE;ACICLOVIR;412;14;810;;387
ACICLOVIR 200MG TABLETA | CAJA X 25. GEN-FAR S.A;ACICLOVIR;128;1025;0;;16604
ACICLOVIR 5% UNGUENTO | TUBO X 15GR. GEN-FAR S.A;ACICLOVIR;20;33;7;;498
ACICLOVIR 800MG TABLETA | CAJA X 10. GEN-FAR S.A;ACICLOVIR;394;934;0;;24686
ACIDO ACETILSALICILICO 100 MG TABLETA | CAJA X 900. GEN-FAR S.A;ACETIL SALICILICO ACIDO;2548;4639;457;;1060610
ACIDO FOLICO 1MG TABLETA | CAJA X 500. ECAR;ACIDO FOLICO;4020;6835;1205;;13460
ACIDO FOLICO 5 MG TABLETA | CAJA X 100. ECAR;ACIDO FOLICO;90;185;0;;113189
ACIDO FUSIDICO 2% CREMA | TUBO X 15G. GEN-FAR S.A;ACIDO FUSIDICO;64;155;0;;1340
ACIDO IBANDRONICO 150MG TABLETA CON RECUBIER | CAJA X 1. GEN-FAR S.A;ACIDO IBANDRONICO;46;90;2;;810
ACIDO RETINOICO 0,05 % CREMA | POTE X 30GR. QUIFARMA;RETINOICO ACIDO;34;52;16;;1724
ACIDO RETINOICO 0.05% LOCION | FRASCO X 60ML. QUIFARMA;RETINOICO ACIDO;12;20;4;;915
ACIDO VALPROICO 250 MG TABLETA O CAPSULA | CAJA X 300. PROCAPS;VALPROICO ACIDO;3063;0;6126;;440
ACRYLARM 0,25% GEL O JALEA | TUBO X 10G. SCANDINAVIA;ACIDO POLIACRILICO;46;97;0;;2419
ACTISURE 400 GR POLVO PARA DISOLVER | CAJA X 24. DUMIAN;COMPLEMENTO NUTRICIONAL;39;0;78;;72
ACTISURE NINOS VAINILLA 400 GR POLVO PARA DISOLVER | CAJA X 24. DUMIAN MEDICAL S.A.S;COMPLEMENTO NUTRICIONAL;10;56;0;;335
ADALAT OROS 30 MG TABLETA O CAPSULA DE LIBERACION | CAJA X 30. BAYER;NIFEDIPINO;105;210;0;;5932
ADS MYORITMO 0.60mg/mL GOTAS ORALES | FRASCO X 10mL. EXPOFARMA;BETAMETILDIGOXINA;2;9;0;;286
AEROVIAL CON INHALADOR 200MCG+6MCG FRASCO | CAJA X 1. NOVAMED;BUDESONIDA + FORMOTEROL;9;3;15;;51
AGUA ESTERIL   500ml REF:ARB0303 SOLUCION INYECTABLE | CAJA X 40 BOLSAS. BAXTER;AGUA ESTERIL;4;27;0;;523
AGUJA LAPICERO DE INSULINA B-D31X8G REF:320121 1 UNIDAD | . X 1. LABORATORIO BECTON DICKINSON;AGUJA QUIRURGICAS;150;200;100;;0
AIRMAX 100mcg BUCAL AEROSOL | CAJA X 1. CHALVER;SALBUTAMOL (SULFATO);120;96;144;;13331
ALBENDAZOL 200MG TABLETA | CAJA X 50. LAPROFF;ALBENDAZOL;615;1372;0;;13882
ALBENDAZOL SACHET 2% X 20ML SUSPENSION ORAL | CAJA X 12. LAPROFF;ALBENDAZOL;55;157;0;;4377
ALENDRONATO 70MG TABLETA | CAJA X 4. GEN-FAR S.A;ALENDRONATO SODICO;32;1136;0;;822
ALENDRONATO 70MG TABLETA | CAJA X 4. LA SANTE;ALENDRONATO SODICO;1147;853;1441;;21964
ALERTADINA 2MG TABLETA | CAJA X 20. QUIMICA PATRIC;TIZANIDINA;1032;1976;88;;355
ALFAMETILDOPA 250MG TABLETA | CAJA X 30. MEMPHIS;ALFAMETILDOPA;180;1290;0;;9730
ALMAX NX 200mg TABLETA | CAJA X 10. NEVOX FARMA;FENAZOPIRIDINA;0;20;0;;1080
ALOPURINOL 100MG TABLETA | CAJA X 100. LAFRANCOL;ALOPURINOL;790;1410;170;;31370
ALOPURINOL 300MG TABLETA | CAJA X 30. MEMPHIS;ALOPURINOL;690;10;1370;;16890
ALPEX ARIPRAX 15MG TABLETA | CAJA X 10. GARMISCH;ARIPIPRAZOL;75;180;0;;1860
ALPHAGAN 0.02% SOLUCION OFTALMICAS | FRASCO X 5mL. ALLERGAN;BRIMONIDINA;35;57;13;;867
ALPRAZOLAM 0.25MG TABLETA | CAJA X 30. EXPOFARMA;ALPRAZOLAM;1170;2548;0;;84293
ALPRAZOLAM 0.5 MG TABLETA | CAJA X 30. GEN-FAR S.A;ALPRAZOLAM;975;2286;0;;117823
ALSUCRAL TABLETAS  1g TABLETA | CAJA X 20. ROPSOHN;SUCRALFATO;3450;5905;995;;902
ALTRACINE A 1MG+50UI+10000UI UNGUENTO OFTALMICO | TUBO X 5GR. OFTALMOQUIMICAS;POLIMIXINA B+BACITRACINA+DEXAMETASONA;1;5;0;;5
AMBROXOL 15MG/5ML JARABE | FRASCO X 120ML. LAPROFF;AMBROXOL CLORHIDRATO;2;6;0;;1404
AMBROXOL 30MG/5ML JARABE | FRASCO X 120ML. LAPROFF;AMBROXOL CLORHIDRATO;33;72;0;;4604
AMDIPIN 10MG TABLETA | CAJA X 10. LAFRANCOL;AMLODIPINO;30;30;30;;0
AMIKACINA 500MG/2ML SOLUCION INYECTABLE | CAJA X 10. VITALIS;AMIKACINA;29;100;0;;5575
AMIODARONA 200MG TABLETA | CAJA X 10. LA SANTE;AMIODARONA CLORHIDRATO;45;330;0;;600
AMITRIPTILINA 25MG  TABLETA | CAJA X 300. LAPROFF;AMITRIPTILINA CLORHIDRATO;1155;0;2310;;450
AMITRIPTILINA 25 MG TABLETA | CAJA X 300. WINTHROOP;AMITRIPTILINA CLORHIDRATO;558;3985;0;;148350
AMLODIPINO 10MG TABLETA | CAJA X 300. GEN-FAR S.A;AMLODIPINO;150;250;50;;45430
AMLODIPINO 5MG TABLETA | CAJA X 300. GEN-FAR S.A;AMLODIPINO;930;1525;335;;868590
AMOXICILINA 250MG/5ML SUSPENSION ORAL | FRASCO X 100ML. LA SANTE;AMOXICILINA;9;29;0;;9
AMOXICILINA 500 MG CÁPSULA | CAJA X 50. LA SANTE;AMOXICILINA;1646;2979;313;;523
AMOXICILINA 500MG TABLETA O CAPSULA | CAJA X 50. GEN-FAR S.A;AMOXICILINA;68;365;0;;56190
AMPICILINA 250MG/5ML SUSPENSION ORAL | FRASCO X 60ML. GEN-FAR S.A;AMPICILINA;0;4;0;;0
AMPICILINA 500MG TABLETA O CAPSULA | CAJA X 100. LA SANTE;AMPICILINA;105;92;118;;200
AMPICILINA 500MG TABLETA O CAPSULA | CAJA X 250. GEN-FAR S.A;AMPICILINA;11;509;0;;40080
ANAFRANIL 25MG TABLETA | CAJA X 40. NOVARTIS;CLOMIPRAMINA;15;80;0;;597
ANAFRANIL RETARD 75MG TABLETA | CAJA X 10. NOVARTIS;CLOMIPRAMINA;150;240;60;;480
ANSIDEP 20MG/5ML SOLUCION ORAL | FRASCO X 70ML. EUROPACK;FLUOXETINA CLOHIDRATO;1;3;0;;625
APIDRA 100UI/mL  SOLUCION INYECTABLE | FRASCO X 10ml. SANOFI-AVENTIS;INSULINA GLULISINA;9;0;18;;42
APIDRA CARTUCHO (OPTICLICK) 3ML SOLUCION INYECTABLE | CAJA X 1. SANOFI-AVENTIS;INSULINA ANALOGA DE ACCION CORTA;2;4;0;;73
APLICADORES CON ALGODON PTE X 100 1 UNIDAD | . X 1. DUMIAN MEDICAL S.A.S;MATERIAL MEDICOQUIRURGICO;9;5;13;;9
APOSITO POLISKIN 10 X 12 CM (4X4.75) REF: 6641 1 UNIDAD | CAJA X 1. COVIDIEN COLOMBIA S.A;CURACIONES QUIRURGICAS;1;0;2;;600
APOSITO TRANSP. 10X12.5CM REF:6641 CX50 1 UNIDAD | . X 1. COVIDIEN COLOMBIA S.A;CURACIONES QUIRURGICAS;3;10;0;;546
APROVEL 300MG TABLETA | CAJA X 28. SANOFI-AVENTIS;IRBESARTAN;29;54;4;;1008
AQUASOL E 400UI TABLETA | CAJA X 30. PROCAPS;VITAMINA E;15;70;0;;178075
ARTRICLOX 7.5MG TABLETA | CAJA X 10. GARMISCH;MELOXICAM;1425;6210;0;;9670
ASPROMIO 20mcg AEROSOL | FRASCO X 10ml. CHALVER;IPRATROPIO BROMURO;89;51;127;;13769
ATAZANAVIR 200 MG CAPSULA | CAJA X 60. EUROPACK;ATAZANAVIR;90;120;60;;1590
ATAZANAVIR 300 MG CAPSULA | CAJA X 30. EUROPACK;ATAZANAVIR;195;420;0;;5630
ATIVAN 1mg TABLETA | CAJA X 30. PFIZER;LORAZEPAM;340;550;130;;9180
ATORVASTATINA 20MG TABLETA | CAJA X 10. GEN-FAR S.A;ATORVASTATINA;0;3300;0;;94840
ATORVASTATINA 40 MG TABLETA | CAJA X 150. GEN-FAR S.A;ATORVASTATINA;550;1770;0;;343280
ATORVAT 20MG TABLETA | CAJA X 300. DUMIAN MEDICAL S.A.S;ATORVASTATINA;3848;4735;2961;;600
ATROVENT 0.025% SOLUCION PARA INHALACION | FRASCO X 20ML. BOEHRINGER;IPRATROPIO BROMURO;1;0;2;;251
AZATIOPRINA 50 MG TABLETA | CAJA X 100. NEXT PHARMA SOURCING S.A.S.;AZATIOPRINA;776;1479;73;;31800
AZITROMICINA 200MG/5ML SUSPENSION ORAL | FRASCO X 15ML. GEN-FAR S.A;AZITROMICINA;0;9;0;;368
AZITROMICINA 500MG TABLETA | CAJA X 3. GEN-FAR S.A;AZITROMICINA;47;609;0;;56245
AZITROMICINA 500 MG TABLETA | CAJA X 3. LA SANTE;AZITROMICINA;394;152;636;;121
AZTROBAC 200MG/5ML SUSPENSION ORAL | FRASCO X 15mL. BIOQUIFAR;AZITROMICINA;0;13;0;;12
BACTRODERM BUCOFARINGEO .08G SOLUCION ORAL | FRASCO X 120ML. ECAR;YODOPOVIDONA;1;8;0;;176
BACTRODERM BUCOFARINGEO 10% SOLUCION ORAL | FRASCO X 120ML. ECAR;YODOPOVIDONA;3;25;0;;481
BAJALENGUAS DE MADERA 1 UNIDAD | CAJA X 20. PHARMEUROPEA DE COLOMBIA;MATERIAL MEDICOQUIRURGICO;3;6;0;;1604
BARACLUDE 0.5MG TABLETA | CAJA X 30. BRISTOL;ENTECAVIR;30;30;30;;240
BARRERA DE COLOSTOMIA 45 MM REF:125144 CX5 1 UNIDAD | . X 1. BRISTOL MYERS SQUIBB;BARRERA  DE COLOSTOMIA;18;30;6;;12
BARRERA DE COLOSTOMIA # 50 REF:13181 1 UNIDAD | CAJA X 5. ORDENES Y SUMINISTROS;CURACIONES QUIRURGICAS;0;6;0;;14
BARRERA DE COLOSTOMIA 57 FLEXIBLE REF.401612 CX5 1 UNIDAD | . X 1. BRISTOL MYERS SQUIBB;BARRERA  DE COLOSTOMIA;12;1;23;;5
BARRERA DE COLOSTOMIA # 60 MM REF: 13191 1 UNIDAD | CAJA X 5. ORDENES Y SUMINISTROS;CURACIONES QUIRURGICAS;64;143;0;;34
BARRERA DE COLOSTOMIA 70 MM REF:400949 CX5 1 UNIDAD | . X 1. BRISTOL MYERS SQUIBB;BARRERA  DE COLOSTOMIA;4;16;0;;31
BCG INMUCYST 1,8X10,8-19,2X10,8 SOLUCION INYECTABLE | FRASCO X 1. UROCCIDENTE E.U;BACILO CALMETTE GUERIN/GLUTAMATO MONOSA;2;0;4;;2
BECLOMAR INHALADOR NASAL 50MCG AEROSOL | FRASCO X 200DOSIS. BIOTOSCANA;BECLOMETASONA DIPROPIONATO;14;39;0;;5231
BENZOATO DE BENCILO 30% LOCION | FRASCO X 120ML. TECNOQUIMICAS;BENCILO BENZOATO;5;10;0;;59
BETAHISTINA 8MG TABLETA | CAJA X 20. GEN-FAR S.A;BETAHISTINA;0;600;0;;32110
BETALOC ZOK 50mg TABLETA O GRAGEA | FRASCO X 30. ASTRA ZENECA;METOPROLOL SUCCINATO;360;600;120;;26760
BETAMETASONA  0.05% CREMA | TUBO X 20GR. LAFRANCOL;BETAMETASONA;26;69;0;;1886
BETAMETASONA 0.1% CREMA | TUBO X 40GR. GEN-FAR S.A;BETAMETASONA;110;213;7;;3779
BETAMETASONA 4MG/ML SOLUCION INYECTABLE | CAJA X 1. PROCAPS;BETAMETASONA;0;10;0;;1940
BETAMETASONA 8MG/2ML SOLUCION INYECTABLE | CAJA X 10. GEN-FAR S.A;BETAMETASONA;2;7;0;;5921
BETOPROLOL  50MG TABLETA O GRAGEA | CAJA X 30. ROPSOHN;METOPROLOL  TARTRATO;1223;30;2416;;7080
BIOSPORIN 50MG CÁPSULA | CAJA X 50. BIOTOSCANA;CICLOSPORINA;60;188;0;;625
BIPERIDENO 2MG TABLETA | CAJA X 100. TECNOQUIMICAS;BIPERIDENO;945;980;910;;123920
BLASKET 0.5 % SOLUCION OFTALMICAS | FRASCO X 5ML. BLASKOV;KETOTIFENO;28;27;29;;2974
BOLSA DE COLOSTOMIA 45 MM REF: 402533 CX10 1 UNIDAD | . X 1. BRISTOL MYERS SQUIBB;BOLSA DE COLOSTOMIA;12;1;23;;0
BOLSA DE COLOSTOMIA # 50 MM REF: 1692 1 UNIDAD | CAJA X 1. ORDENES Y SUMINISTROS;CURACIONES QUIRURGICAS;0;6;0;;19
BOLSA DE COLOSTOMIA 57 MM REF: 402534 CX10 1 UNIDAD | . X 1. BRISTOL MYERS SQUIBB;BOLSA DE COLOSTOMIA;21;18;24;;14
BOLSA DE COLOSTOMIA # 60 MM REF: 1693 1 UNIDAD | CAJA X 15. ORDENES Y SUMINISTROS;CURACIONES QUIRURGICAS;54;100;8;;142
BOLSA DE COLOSTOMIA 70 MM REF: 402535 CX10 1 UNIDAD | . X 1. BRISTOL MYERS SQUIBB;BOLSA DE COLOSTOMIA;7;10;4;;0
BOLSA DE DRENAJE UROSTOMIA #45REF 402550 C X 10 1 UNIDAD | . X 1. BRISTOL MYERS SQUIBB;BOLSA DE COLOSTOMIA;12;12;12;;8
BOLSA DE DRENAJE UROSTOMIA #57 REF 402551 1 UNIDAD | CAJA X 10. BOSTON MEDICAL DEVICES COLOMBI;BOLSA DE COLOSTOMIA;2;8;0;;16
BONAC 4% GEL O JALEA | TUBO X 30GR. SCANDINAVIA;ERITROMICINA;0;1;0;;243
BRILINTA 90mg TABLETA | CAJA X 30. ASTRA ZENECA;TICAGRELOR;0;100;0;;5490
BROMAZEPAN 6MG TABLETA | CAJA X 10. WINTHROOP;BROMAZEPAM;353;430;276;;6630
BROMOCRIPTINA 2.5MG TABLETA | CAJA X 240. CHALVER;BROMOCRIPTINA;720;897;543;;18346
BROMUX 100 MG TABLETA | CAJA X 20. GARMISCH;PINAVERIO;60;240;0;;28470
BUDEMAR BUCAL 100mcg AEROSOL | FRASCO X 200DOSIS. BIOTOSCANA;BUDESONIDA;3;5;1;;128
BUDEMAR DUO 200MCG+6MCG  AEROSOL | FRASCO X 120DOSIS. BIOTOSCANA;BUDESONIDA + FORMOTEROL;44;83;5;;1447
BUSPIRONA 10MG TABLETA | CAJA X 20. GEN-FAR S.A;BUSPIRONA;120;370;0;;1180
CALAMINA 8% LOCION | FRASCO X 120ML. LICOL;CALAMINA;10;21;0;;741
CALCITRIOL 0.25MG CAPSULA | CAJA X 30. PROCAPS;CALCITRIOL;6398;11495;1301;;379493
CALCITRIOL 0,50MG CAPSULA | CAJA X 30. SYNTHESIS;CALCITRIOL;5;0;10;;50
CALCITRIOL 0.50 MG TABLETA | CAJA X 30. PROCAPS;CALCITRIOL;2783;4680;886;;99120
CANDESARTAN 16MG TABLETA | CAJA X 14. GEN-FAR S.A;CANDESARTAN CILEXETILO;0;70;0;;3192
CARBAMAZEPINA 200 MG TABLETA | CAJA X 100. BUSSIE;CARBAMAZEPINA;3718;1665;5771;;874370
CARBAMAZEPINA RETARD 400MG TABLETA | CAJA X 20. TECNOQUIMICAS;CARBAMAZEPINA;495;980;10;;24110
CARBIDOPA+LEVODOPA 250/25mg TABLETA | CAJA X 250. MEMPHIS;LEVODOPA + CARBIDOPA;3130;5745;515;;19662
CARBOLIT 300 MG TABLETA O CAPSULA | CAJA X 30. BUSSIE;CARBONATO DE LITIO;675;100;1250;;18005
CARBON ACTIVADO 450mg TABLETA | FRASCO X 100. SAN JORGE;CARBON ACTIVADO;1105;30;2180;;1388
CARBONATO CALCIO + VITAMINA D3 600MG/200UI TABLETA | CAJA X 300. LAPROFF;CALCIO CARBONATO+VITAMINA D;14641;23589;5693;;370890
CARBONATO DE CALCIO 600MG TABLETA | CAJA X 300. LAPROFF;CARBONATO DE CALCIO;690;1495;0;;463205
CARBONATO DE CALCIO 600MG TABLETA | CAJA X 30. GEN-FAR S.A;CARBONATO DE CALCIO;90;0;180;;180
CARDIOASPIRINA 81MG TABLETA DE LIBERACION PROGRAMADA | FRASCO X 24. BAYER;ACETIL SALICILICO ACIDO;24;48;0;;9474
CARTIX 1500MG POLVO PARA DISOLVER | CAJA X 14. GARMISCH;GLUCOSAMINA SULFATO;60;97;23;;72112
CARVEDIL 12.5MG TABLETA | CAJA X 30. GARMISCH;CARVEDILOL;45;120;0;;115474
CARVEDIL 6.25MG TABLETA | CAJA X 30. GARMISCH;CARVEDILOL;375;755;0;;238888
CEFALEXINA 250MG/5ML SUSPENSION ORAL | FRASCO X 60ML. GEN-FAR S.A;CEFALEXINA;7;22;0;;413
CEFALEXINA  250MG/5ml SUSPENSION ORAL | FRASCO X 60ML. LA SANTE;CEFALEXINA;10;0;20;;0
CEFALEXINA 500MG TABLETA O CAPSULA | CAJA X 10. GEN-FAR S.A;CEFALEXINA;1521;3110;0;;338736
CEFTRIAXONA 1G POLVO PARA INYECCION | CAJA X 10. VITALIS;CEFTRIAXONA;0;7;0;;233
CEFTRIDELT 1GR POLVO PARA INYECCION | CAJA X 1. DELTA;CEFTRIAXONA;6;29;0;;0
CEFUROXIMA 500mg TABLETA | CAJA X 10. GEN-FAR S.A;CEFUROXIMA;22;200;0;;5430
CELLCEPT 250MG TABLETA CON RECUBIER | CAJA X 100. ROCHE;MICOFELONATO;150;150;150;;600
CELLCEPT 500MG TABLETA CON RECUBIER | CAJA X 50. ROCHE;MICOFELONATO;480;1040;0;;2200
CETAPHIL ULTRA HUMECTANTE . LOCION | FRASCO X 226 ML. GALDERMA;ALCOHOL CETILICO+LAURIL SULFATO DE SODIO;2;8;0;;27
CETIRIZINA 10mg TABLETA | CAJA X 10. GEN-FAR S.A;CETIRIZINA;6144;11199;1089;;88134
CETIRIZINA 1% 10MG GOTAS ORALES | FRASCO X 15ML. WINTHROOP;CETIRIZINA;5;11;0;;94
CETIRIZINA 5MG/5ML 0.1G JARABE | FRASCO X 60ml. LA SANTE;CETIRIZINA;74;145;3;;2436
CEUMID 500 MG TABLETA | CAJA X 30. SCANDINAVIA;LEVETIRACETAM;2018;3870;166;;48060
CIFLOBLAS 0.3% SOLUCION OFTALMICAS | FRASCO X 5ML. BLASKOV;CIPROFLOXACINA;14;32;0;;938
CIPLABUTOL 5mcg LIQUIDO PARA NEBULIZACION | FRASCO X 15mL. BIOTOSCANA;SALBUTAMOL (SULFATO);0;1;0;;2129
CIPLADANOGEN 200MG TABLETA | CAJA X 30. BIOTOSCANA;DANAZOL;0;60;0;;480
CIPLADINEX 400MG CAPSULA DE LIBERACION PROGRAMADA | FRASCO X 30. BIOTOSCANA;DIDANOSINA;270;540;0;;2760
CIPROFIBRATO 100MG TABLETA | CAJA X 10. LA SANTE;CIPROFIBRATO;30;0;60;;1300
CIPROFIBRATO 100 MG TABLETA | CAJA X 20. GEN-FAR S.A;CIPROFIBRATO;270;260;280;;39100
CIPROFLOXACINA 500MG TABLETA | CAJA X 100. LAFRANCOL;CIPROFLOXACINA;1533;3090;0;;181550
CIPROTERONA 50mg TABLETA | CAJA X 20. B.C.N MEDICAL;CIPROTERONA ACETATO;0;120;0;;2159
CITRO-K 1080MG TABLETA DE LIBERACION PROGRAMADA | FRASCO X 30. LICOL;POTASIO CITRATO;0;30;0;;0
CLARITROMICINA 250mg/5ml JARABE | FRASCO X 50ml. COASPHARMA;CLARITROMICINA;0;3;0;;9
CLARITROMICINA 250MG/5ML SUSPENSION ORAL | FRASCO X 50ML. LA SANTE;CLARITROMICINA;1;0;2;;20
CLARITROMICINA 500mg TABLETA | CAJA X 10. GEN-FAR S.A;CLARITROMICINA;339;598;80;;45475
CLENOX 80MG/0.8ML SOLUCION INYECTABLE | CAJA X 1. PROCAPS;ENOXAPARINA;0;100;0;;2265
CLINDAMICINA 2% CREMA VAGINAL | TUBO X 40g. GEN-FAR S.A;CLINDAMICINA;1;1;1;;59
CLINDAMICINA 2% CREMA VAGINAL | TUBO X 40GR. PROCAPS;CLINDAMICINA;2;7;0;;85
CLINDAMICINA 300mg CAPSULA | CAJA X 24. LA SANTE;CLINDAMICINA;308;364;252;;72
CLINDAMICINA 300MG CAPSULA | CAJA X 24. WINTHROOP;CLINDAMICINA;119;291;0;;4920
CLOBETAZOL 0.05% CREMA | TUBO X 30GR. GEN-FAR S.A;CLOBETASOL;162;251;73;;4917
CLONAZEPAM 2MG TABLETA | CAJA X 30. WINTHROOP;CLONAZEPAM;833;1713;0;;99174
CLONIDINA 0.150 MG TABLETA | CAJA X 250. ECAR;CLONIDINA;151;639;0;;93380
CLOPIDOGREL 75MG TABLETA | CAJA X 14. LA SANTE;CLOPIDROGEL;14;0;28;;0
CLOPIDOGREL  75mg TABLETA CON RECUBIER | CAJA X 14. GEN-FAR S.A;CLOPIDROGEL;176;516;0;;101807
CLORFENIRAMINA 2MG/5ML JARABE | FRASCO X 120ML. AVANPHARMA;CLORFENIRAMINA;27;39;15;;5123
CLORFENIRAMINA 4 MG TABLETA | CAJA X 500. ECAR;CLORFENIRAMINA;486;921;51;;46200
CLOROQUINA 250MG TABLETA O CAPSULA | CAJA X 250. HUMAX;CLOROQUINA;383;685;81;;21150
CLORURO DE SODIO ARB 1323 0.9% BOLSA X 500ML SOLUCION INYECTABLE | CAJA X 40. BAXTER;CLORURO DE SODIO;14;16;12;;9232
CLORURO DE SODIO  REF:ARB1322  0.9% BOLSA X 250ML SOLUCION INYECTABLE | CAJA X 56. BAXTER;CLORURO DE SODIO;36;33;39;;916
CLOTRIMAZOL 100 MG OVULO O TABLETA VAGINAL | CAJA X 10. PROCAPS;CLOTRIMAZOL;5;60;0;;23070
CLOTRIMAZOL 100mg OVULO O TABLETA VAGINAL | CAJA X 48. ANGLOPHARMA;CLOTRIMAZOL;3;46;0;;0
CLOTRIMAZOL 100mg OVULO O TABLETA VAGINAL | CAJA X 6. LA SANTE;CLOTRIMAZOL;10;24;0;;7687
CLOTRIMAZOL 1% CREMA | TUBO X 40g. PROCAPS;CLOTRIMAZOL;155;275;35;;8937
CLOTRIMAZOL 1% CREMA VAGINAL | TUBO X 40g. PROCAPS;CLOTRIMAZOL;62;154;0;;7442
CLOTRIMAZOL 1% SOLUCION TOPICA | FRASCO X 30ML. LAPROFF;CLOTRIMAZOL;25;35;15;;3135
CLOTRIMAZOL+NEOMICINA+BETAMETASONA 17 . CREMA | TUBO X 40G. GEN-FAR S.A;CLOTRIMAZOL+NEOMICINA+BETAMETASONA 17;48;89;7;;7390
CLOZAM  0.5mg TABLETA | CAJA X 30. HUMAX;CLONAZEPAM;1197;2356;38;;12680
CLOZAPINA 100mg TABLETA | CAJA X 20. HUMAX;CLOZAPINA;1028;1535;521;;2415
CLOZAPINA 25MG TABLETA | CAJA X 100. HUMAX;CLOZAPINA;900;1360;440;;21925
COLCHICINA 0.5mg TABLETA | CAJA X 40. EXPOFARMA;COLCHICINA;299;522;76;;54610
COLCHICINA MINIPACK 0.5mg TABLETA | CAJA X 300. LAPROFF;COLCHICINA;180;755;0;;35060
COLESTIRAMINA 4g POLVO PARA DISOLVER | CAJA X 100. WINTHROOP;COLESTIRAMINA;210;505;0;;21773
COLISTINA SULFATO+HIDROCORTISONA ACETATO+NEOMICINA SULFATO 1+05+5MG X 15ML FRASCO | CAJA X 1. EUROPACK;COLISTINA SULFATO+HIDROCORTISONA+NEOMICINA SULFATO;19;45;0;;1684
COMBIGAN 0.2%+0.5%/mL SOLUCION OFTALMICAS | FRASCO X 5mL. ALLERGAN;BRIMONIDINA + TIMOLOL;32;39;25;;752
COMBIVIR 150MG/300MG TABLETA | CAJA X 60. GLAXO;LAMIVUDINA + ZIDOVUDINA;120;240;0;;240
COMPLEJO B  10+3+20+20MG TABLETA | CAJA X 250. ECAR;COMPLEJO B;185;370;0;;20958
COMPLEJO B 10ml SOLUCION INYECTABLE | CAJA X 12. ECAR;COMPLEJO B;5;19;0;;407
CONCOR 10MG TABLETA | CAJA X 30. MERCK;BISOPROLOL;30;120;0;;930
CONDILINA 20MG/ 5ML SOLUCION TOPICA | FRASCO X 5ML. EUROPACK;PODOFILINA;6;12;0;;176
CONVULAM 100mg/mL SOLUCION ORAL | FRASCO X 300ml. EUROPACK;LEVETIRACETAM;3;7;0;;126
COQUAN 2.5MG SOLUCION ORAL | FRASCO X 30ML. SIEGFRIED;CLONAZEPAM;20;52;0;;2066
COUMADIN 5MG TABLETA | CAJA X 30. MERCK;WARFARINA SODICA;435;607;263;;6120
CREMA LUBRIDERM C/PERF EXTRA HUMEC . CREMA | FRASCO X 400mL. VARIOS E IMPORTADOS;ACEITE CRISTAL;3;2;4;;0
CREMA N. 4 MEDICADA 60 GR CREMA | TUBO X 1. TECNOQUIMICAS;VARIOS;1;8;0;;3
CROMOGLICATO DE SODIO 2% SOLUCION NASAL | FRASCO X 10ML. EXPOFARMA;CROMOGLICATO DE SODIO;2;13;0;;1172
CROMOGLICATO DE SODIO 2% SOLUCION OFTALMICAS | FRASCO X 5ML. EXPOFARMA;CROMOGLICATO DE SODIO;33;69;0;;472
CROMOGLICATO DE SODIO 4% SOLUCION NASAL | FRASCO X 10ML. EXPOFARMA;CROMOGLICATO DE SODIO;18;34;2;;1179
CROMOGLICATO DE SODIO 4% SOLUCION OFTALMICAS | FRASCO X 5ML. EXPOFARMA;CROMOGLICATO DE SODIO;146;272;20;;5801
CROTAMITON  10% LOCION | FRASCO X 60 ML. HUMAX;CROTAMITON;4;20;0;;345
CUPRIPEN 250MG TABLETA O CAPSULA | CAJA X 30. SYNTHESIS;PENICILAMINA;45;120;0;;640
CURAM 500MG/125MG TABLETA | CAJA X 12. NOVARTIS;AMOXICILINA+ACIDO CLAVULANICO;15;42;0;;5791
CURASORB 10 X 10 REF:9236 CX10 1 UNIDAD | . X 1. COVIDIEN COLOMBIA S.A;CURACIONES QUIRURGICAS;12;25;0;;74
CYMBALTA 30MG CAPSULA DE LIBERACION PROGRAMADA | CAJA X 7. LILLY;DULOXETINA;14;28;0;;56
DAFLON 500mg TABLETA | CAJA X 30. LABORATORIOS SERVIER DE COLOMB;DIOSMINA + HESPERIDINA;1988;4620;0;;186734
DEFLAZACOR 30mg TABLETA | CAJA X 10. GEN-FAR S.A;DEFLAZACOR;290;370;210;;12885
DEFLAZACOR 6mg TABLETA | CAJA X 10. GEN-FAR S.A;DEFLAZACOR;2663;4250;1076;;113454
DELIFON 5MG/5ML SUSPENSION ORAL | FRASCO X 120ML. BEST LTDA;OXIBUTININO;0;3;0;;144
DEPAKENE 250mg/5mL SUSPENSION ORAL | FRASCO X 120mL. ABBOTT;VALPROICO ACIDO;0;7;0;;116
DEPAKENE 250mg TABLETA O CAPSULA | CAJA X 50. ABBOTT;VALPROICO ACIDO;125;150;100;;224
DEPO-MEDROL 40mg/mL SUSPENSION INYECTABLE | FRASCO X 1mL. PFIZER;METILPREDNISOLONA ACETATO;1;3;0;;5
DEPOTRIM 50MG/ML  SUSPENSION INYECTABLE | CAJA X 1. LAFRANCOL;MEDROXIPROGESTERONA ACETATO;7;14;0;;3101
DESLORATADINA 5MG TABLETA | CAJA X 10. GEN-FAR S.A;DESLORATADINA;209;347;71;;49990
DESONIDA 0.1% LOCION | FRASCO X 30ML. SCANDINAVIA;DESONIDA;6;8;4;;325
DETRUSITOL 2MG TABLETA | CAJA X 28. PFIZER;TOLTERODINA;1658;2628;688;;5118
DEXAMETASONA 4MG SOLUCION INYECTABLE | CAJA X 25. PROCAPS;DEXAMETASONA;33;76;0;;34050
DEXAMETASONA 8mg/2mL SOLUCION INYECTABLE | CAJA X 1. PROCAPS;DEXAMETASONA;80;153;7;;44949
DEXAVITAL 3mg/1ml SOLUCION OFTALMICAS | FRASCO X 5mL. VITALIS;TOBRAMICINA+DEXAMETASONA;9;29;0;;1456
DIAZEPAM 10MG TABLETA O CAPSULA | CAJA X 250. ECAR;DIAZEPAM;0;30;0;;3157
DICLOFENACO 50MG TABLETA | CAJA X 250. ECAR;DICLOFENACO;88;325;0;;70210
DICLOFENACO 50MG TABLETA RECUBIERTA | CAJA X 300. LAPROFF;DICLOFENACO;274;970;0;;785
DICLOFENACO 75 MG SOLUCION INYECTABLE | CAJA X 10. VITALIS;DICLOFENACO;179;390;0;;21941
DICLOXACILINA 250MG/5ML SUSPENSION ORAL | FRASCO X 80ML. GEN-FAR S.A;DICLOXACILINA;0;3;0;;658
DICLOXACILINA 250MG/5ML SUSPENSION ORAL | FRASCO X 80ML. LA SANTE;DICLOXACILINA;2;3;1;;5
DICLOXACILINA 500MG CAPSULA | CAJA X 50. LA SANTE;DICLOXACILINA;325;450;200;;2011
DIETYSOLONE PLUS 10MG+1.2MG/ML SOLUCION OFTALMICAS | FRASCO X 5ML. RIDHI PHARMA;PREDNISOLONA + FENILEFRINA;0;3;0;;850
DIFENHIDRAMINA 50MG CAPSULA | CAJA X 50. EUROPACK;DIFENHIDRAMINA;253;466;40;;51161
DIHIDROCODEINA 12,1 MG / 5 ML JARABE | FRASCO X 120ML. WINTHROOP;DIHIDROCODEINA BITARTRATO;13;30;0;;12804
DILTIAZEM 60MG TABLETA | CAJA X 20. GEN-FAR S.A;DILTIAZEM;390;1000;0;;77180
DILTIAZEM RETARD 180MG TABLETA DE LIBERACION PROGRAMADA | CAJA X 10. GEN-FAR S.A;DILTIAZEM;90;245;0;;74260
DILTIAZEM RETARD 90MG TABLETA | CAJA X 10. GEN-FAR S.A;DILTIAZEM;90;220;0;;129630
DIMARD 200mg TABLETA | CAJA X 20. SIEGFRIED;HIDROXICLOROQUINA;0;1540;0;;34650
DIMARD 400MG TABLETA | CAJA X 20. SIEGFRIED;HIDROXICLOROQUINA;150;260;40;;8220
DIMETIL SULFOXIDO 50% SOLUCION INYECTABLE | FRASCO X 50mL. ROPIM ROBERTO;DIMETILPOLISILOXANO + PAPAVERINA;1;0;2;;0
DINITRATO ISOSORBIDA 10mg TABLETA | CAJA X 300. LAPROFF;ISOSORBIDE DINITRATO;90;20;160;;5141
DINITRATO ISOSORBIDA 10mg TABLETA | CAJA X 30. COASPHARMA;ISOSORBIDE DINITRATO;0;300;0;;90035
DIPIRONA 500MG TABLETA | CAJA X 500. ECAR;DIPIRONA;0;100;0;;410
DIPIRONA MAGNESICA 2 GR/5 ML SOLUCION INYECTABLE | CAJA X 10. PROCAPS;DIPIRONA;0;3;0;;16020
DIPIRONA SODICA 1 GR/2 ML SOLUCION INYECTABLE | CAJA X 100. PROCAPS;DIPIRONA;0;3;0;;65715
DISLEP 25mg TABLETA RECUBIERTA | CAJA X 20. BIOTOSCANA;LEVOSULPIRIDE;95;170;20;;440
DOLAC  500MG+30MG TABLETA | CAJA X 250. DUMIAN MEDICAL S.A.S;ACETAMINOFEN+CODEINA;17216;11632;22800;;66090
DOMPERIDONA 10MG TABLETA | CAJA X 20. GEN-FAR S.A;DOMPERIDONA;1108;1825;391;;25550
DOMPERIDONA 1MG/ML SUSPENSION ORAL | FRASCO X 60ML. GEN-FAR S.A;DOMPERIDONA;10;29;0;;1602
DORIXINA RELAX 5/125MG TABLETA | CAJA X 100. SCANDINAVIA;CLONIXINATO DE LISINA+CICLOBENZAPRINA;135;180;90;;26120
DORPRETIM 2%-5% SOLUCION OFTALMICAS | FRASCO X 5ML. BLASKOV;TIMOLOL+DORZOLAMIDA;116;54;178;;3286
DORZOLAM 20 MG X 5 ML SOLUCION OFTALMICAS | FRASCO X 1. TECNOQUIMICAS;DORZOLAMIDA;15;24;6;;766
DOXICICLINA 100MG TABLETA O CAPSULA | CAJA X 10. WINTHROOP;DOXICICLINA;342;1060;0;;184680
DRUGTECH NEURACTIN 250MG TABLETA | CAJA X 30. GYNOPHARMA;DIVALPROATO DE SODIO;1065;2310;0;;48920
DRUGTECH NEURACTIN 500MG TABLETA | CAJA X 30. GYNOPHARMA;DIVALPROATO DE SODIO;405;870;0;;57330
D-SOY PROTEINA 275 GR POLVO PARA DISOLVER | CAJA X 24 TARROS. DUMIAN;COMPLEMENTO NUTRICIONAL;10;13;7;;1324
DUMISOY D 400g POLVO PARA DISOLVER | CAJA X 24 LATAS. DUMIAN MEDICAL S.A.S;COMPLEMENTO ALIMENTICIO PROTEINA AISLADA DE SOYA;23;0;46;;8
DUMISOY D DIABETICO 400g POLVO PARA DISOLVER | CAJA X 24 LATAS. DUMIAN MEDICAL S.A.S;COMPLEMENTO ALIMENTICIO PROTEINA AISLADA DE SOYA;41;13;69;;14
DUMISURE 1000g POLVO PARA DISOLVER | CAJA X 6. DUMIAN MEDICAL S.A.S;COMPLEMENTO NUTRICIONAL;163;281;45;;2154
DUODART 0.5MG/0.4MG CÁPSULA | CAJA X 30. GLAXO;DUTASTERIDE-TAMSULOSINA;60;30;90;;30
DUPHALAC 66.7g/100ml X 15ML SOBRE | CAJA X 20. ABBOTT;LACTULOSA;45;150;0;;4841
D-UREA 10% CREMA | TUBO X 60GR. DUMIAN;UREA;164;127;201;;2
DUROGESIC 75UG PARCHES | CAJA X 5. JANSSEN;FENTANILO CITRATO;5;15;0;;25
DUXETINA 30MG TABLETA | CAJA X 30. BUSSIE;DULOXETINA;0;30;0;;0
DUZIN C 500 GR CREMA | POTE X 1. DUMIAN MEDICAL S.A.S;ACEITE DE CALENDULA+OXIDO DE Z;7;23;0;;546
DYSPORT  500UI SOLUCION INYECTABLE | CAJA X 1. BIOPASS;TOXINA BOTULINICA;3;9;0;;17
EFAVIRENZ  600 MG TABLETA O GRAGEA | CAJA X 30. EUROPACK;EFAVIRENZ;735;1230;240;;17340
ELTROXIN 50MCG TABLETA | FRASCO X 50. ASPEN;LEVOTIROXINA SODICA;135;325;0;;770
ENALAPRIL 20mg TABLETA | CAJA X 20. GEN-FAR S.A;ENALAPRIL MALEATO;630;1210;50;;113730
ENALAPRIL 5MG TABLETA | CAJA X 50. GEN-FAR S.A;ENALAPRIL MALEATO;410;1080;0;;141590
ENDOL SR 10MG TABLETA DE LIBERACION PROGRAMADA | CAJA X 30. LEGRAND;OXICODONA;433;270;596;;5340
ENDOL SR 20mg TABLETA DE LIBERACION PROGRAMADA | CAJA X 30. LEGRAND;OXICODONA;145;250;40;;10860
ENEMA SOLUCION SALINA 2.5% REF:ARD0004X 12 RECTAL | BOLSA X 1000 ML. BAXTER;FOSFATO DE SODIO DIBASICO+MONO;73;79;67;;1068
ENEMATROL  16+6MG/133ML RECTAL | CAJA X 60. QUIBI S.A.;FOSFATO DE SODIO DIBASICO+MONO;6;26;0;;742
ENEMATROL LIMON 16+5G SOLUCION ORAL | FRASCO X 133ML. QUIBI S.A.;FOSFATO DE SODIO DIBASICO+MONO;129;155;103;;1028
ENOXPAR 40MG SOLUCION INYECTABLE | CAJA X 2. CHALVER;ENOXAPARINA;149;93;205;;14465
ENOXPAR 60MG SOLUCION INYECTABLE | CAJA X 2. CHALVER;ENOXAPARINA;188;30;346;;11982
ENOXPAR 80MG SOLUCION INYECTABLE | CAJA X 1. CHALVER;ENOXAPARINA;30;0;60;;1
ENSURE VAINILLA 900g POLVO PARA DISOLVER | CAJA X 6 LATAS. ABBOTT;COMPLEMENTO NUTRICIONAL;8;5;11;;54
EPAMIN 2.5MG SUSPENSION ORAL | FRASCO X 240ML. PFIZER;FENITOINA SODICA;1;2;0;;301
EPIGEL  250 MG/5ML JARABE | FRASCO X 120ML. CHALVER;VALPROICO ACIDO;47;0;94;;2614
EQUIPO CYSTOFLO ADULTO 2000ML MRD2926 C X30 1 UNIDAD | CAJA X 1. LABORATORIO BAXTER;EQUIPO ADMINISTRACION DE LIQUIDOS;4;2;6;;468
EQUIPO MACROGOTEO C/SITIO EN 2 Y MRC0005MP 1 UNIDAD | CAJA X 100. LABORATORIO BAXTER;EQUIPO ADMINISTRACION DE LIQUIDOS;62;42;82;;6880
EQUIPO MACROGOTEO S/A MEDISPO 1 UNIDAD | . X . PROTEX S.A;EQUIPO ADMINISTRACION DE LIQUIDOS;0;10;0;;23118
EQUIPO MACROGOTEO S/A REF:MRC0001MP 1 UNIDAD | CAJA X 180. LABORATORIO BAXTER;EQUIPO ADMINISTRACION DE LIQUIDOS;9;52;0;;32
EQUIPO NUTRIFLO 1500ML BOLSA  REF:BRD0202 CX40 1 UNIDAD | . X 1. LABORATORIO BAXTER;EQUIPO ADMINISTRACION DE LIQUIDOS;60;104;16;;1568
ERITROMAX 2000 U.I. / ML INYECTABLE | CAJA X 25. BLAU;ERITROPOYETINA;54;0;108;;0
ERITROMICINA 250MG/5ML SUSPENSION ORAL | FRASCO X 60ML. GEN-FAR S.A;ERITROMICINA;3;6;0;;78
ERITROMICINA 250MG/5ML SUSPENSION ORAL | FRASCO X 60ML. LA SANTE;ERITROMICINA;0;4;0;;46
ERITROMICINA 500MG TABLETA O CAPSULA | CAJA X 50. GEN-FAR S.A;ERITROMICINA;138;151;125;;14294
EROXIM 50MG TABLETA | CAJA X 4. LAFRANCOL;SILDENAFIL;135;321;0;;24
ESOMEPRAZOL 20mg CAPSULA | CAJA X 10. GEN-FAR S.A;ESOMEPRAZOL;6223;0;12446;;23620
ESOMEPRAZOL 20MG RETARD CAPSULA | CAJA X 300. GEN-FAR S.A;ESOMEPRAZOL;5245;10900;0;;308970
ESOMEPRAZOL 40MG RETARD TABLETA | CAJA X 10. GEN-FAR S.A;ESOMEPRAZOL;3160;4107;2213;;129290
ESPARADRAPO TELA 12pulg. X 10 MTS  C X 5 1 UNIDAD | . X 1. TECNOQUIMICAS S.A;CURACIONES QUIRURGICAS;1;2;0;;1
ESPARADRAPO TELA 12 X 10 BLANCO SURTIDO LEUKOPLAST --- 1 UNIDAD | CAJA X 24. BSN MEDICAL;CURACIONES QUIRURGICAS;2;4;0;;0
ESPIRONOLACTONA 25 MG TABLETA | CAJA X 20. WINTHROOP;ESPIRONOLACTONA;160;440;0;;463060
ESPIRONOLACTONA 25mg TABLETA | CAJA X 300. LAPROFF;ESPIRONOLACTONA;80;0;160;;75
ESTERMAX 6.25MG CREMA VAGINAL | TUBO X 40GR. CHALVER;ESTROGENOS CONJUGADOS;97;71;123;;2840
EUTIROX 100MCG TABLETA | CAJA X 50. MERCK;LEVOTIROXINA SODICA;165;195;135;;87010
EUTIROX 50mcg TABLETA | CAJA X 50. MERCK;LEVOTIROXINA SODICA;30;90;0;;60
EUTIROX 75MG TABLETA | CAJA X 50. MERCK;LEVOTIROXINA SODICA;0;70;0;;3619
EXELON 27MG/15CM SISTEMA TRANSDERMICO | CAJA X 30. NOVARTIS;RIVASTIGMINA;45;60;30;;690
EXELON 6.0MG CAPSULA | CAJA X 28. NOVARTIS;RIVASTIGMINA;84;140;28;;336
EXELON  9MG X 5CM2 SISTEMA TRANSDERMICO | CAJA X 30. NOVARTIS;RIVASTIGMINA;75;60;90;;1440
EXTENSIK 50MG TABLETA | CAJA X 56. NOVARTIS;RILUZOLE;0;168;0;;864
EXTENSION BOTON GASTROSTOMIA  REF. 0121-24 1 UNIDAD | . X 1. MINERVA MEDICAL S A S;TERAPIA RESPIRATORIA;1;3;0;;6
EXTENSION BOTON GASTROSTOMIA  REF: O123-24 1 UNIDAD | . X 1. MINERVA MEDICAL S A S;TERAPIA RESPIRATORIA;1;1;1;;4
EZETIMIBE/SIMBASTATINA 10/20MG TABLETA | CAJA X 14. TECNOQUIMICAS;SIMVASTATINA+EZETIMBA;0;42;0;;3812
EZETIMIBE/SIMVASTATINA 10/40MG TABLETA | CAJA X 14. TECNOQUIMICAS;SIMVASTATINA+EZETIMBA;42;70;14;;2422
FACETIX 2+0,035MG TABLETA | CAJA X 21. SYNTHESIS;ACETATOCIPROTERONA+ETILINESTRADIOL;546;1113;0;;4724
FARMALAX 5MG TABLETA RECUBIERTA | CAJA X 500. ECAR;BISACODILO;2111;3860;362;;274364
FENACOF  1% SOLUCION OFTALMICAS | FRASCO X 5ML. BLASKOV;DICLOFENACO;0;5;0;;102
FENCAFEN 100MG/1MG TABLETA O CAPSULA | CAJA X 20. TECNOQUIMICAS;ERGOTAMINA+CAFEINA;3075;4991;1159;;224690
FENNYN 100 MG TABLETA | CAJA X 30. QUIRUPOS LTDA;FENITOINA SODICA;810;1560;60;;211570
FENOBARBITAL 100MG TABLETA | CAJA X 30. MINSALUD;FENOBARBITAL;90;0;180;;25
FENOBARBITAL ELIXIR 0.4% FRASCO | FRASCO X 120. MINSALUD;FENOBARBITAL;10;0;20;;0
FERBIN CL 250MG TABLETA O CAPSULA | CAJA X 300. NOVAMED;VALPROICO ACIDO;2243;6675;0;;287420
FERROVITAL F 180 ML JARABE | FRASCO X 1. TECNOQUIMICAS;MULTIVITAMINAS + MINERALES;0;4;0;;104
FEVENY ESTROGENOS 6.25 MG TABLETA | CAJA X 28. BCN;ESTROGENOS CONJUGADOS;255;385;125;;24382
FINASTERIDE 5MG TABLETA | CAJA X 28. TECNOQUIMICAS;FINASTERIDE;3597;6356;838;;73248
FITOSTIMOLINE . CREMA | TUBO X 32GR. EUROETIKA;TRITICUM VULGARE+2+FENOXIETANOL;6;11;1;;49
FIXAMICIN - SOLUCION OTICA | FRASCO X 15ml. TECNOQUIMICAS;COLISTINA SULFATO+HIDROCORTISONA+NEOMICINA SULFATO;0;4;0;;1127
FLEXIDRESS 4 X 10 <C>  REF: 650941U 1 UNIDAD | . X 1. BRISTOL MYERS SQUIBB;BOLSA DE COLOSTOMIA;11;16;6;;40
FLUAMAR 25/250Mcg AEROSOL | FRASCO X 120Dosis. BIOTOSCANA;FLUTICASONA+SALMETEROL;9;17;1;;520
FLUNARIZINA 10mg TABLETA | CAJA X 30. GEN-FAR S.A;FLUNARIZINA;345;490;200;;44195
FLUOFTAL 0.1% SOLUCION OFTALMICAS | FRASCO X 5ML. BLASKOV;FLUOROMETALONA ACETATO;14;37;0;;4
FLUORHIDROCORTISONA 0.1MG TABLETA | FRASCO X 90. VARIOS E IMPORTADOS;FLUORHIDROCORTISONA;30;0;60;;0
FLUOXETINA 20mg TABLETA O CAPSULA | CAJA X 300. LAPROFF;FLUOXETINA CLOHIDRATO;3782;6806;758;;409892
FLUVIS 1%/1ml SOLUCION OFTALMICAS | FRASCO X 5ML. EUROPACK;FLUOROMETALONA ACETATO;0;7;0;;1929
FUNEX 200mg CÁPSULA | CAJA X 210. NOVAMED;FLUCONAZOL;460;888;32;;34654
FUNGISTRAL 50MG/5ML SUSPENSION ORAL | FRASCO X 150ML. EUROPACK;ITRACONAZOL;3;14;0;;118
FUROSEMIDA 40mg TABLETA | CAJA X 100. GEN-FAR S.A;FUROSEMIDA;643;1000;286;;584490
GALVUS MET 50/1000mg TABLETA CON RECUBIER | CAJA X 56. NOVARTIS;VILDAGLIPTINA+METFORMINA;113;168;58;;12600
GALVUS MET 50/500MG TABLETA CON RECUBIER | CAJA X 28. NOVARTIS;VILDAGLIPTINA+METFORMINA;56;84;28;;1702
GASPRID M 5MG TABLETA | CAJA X 30. GARMISCH;MOSAPRIDA;195;300;90;;96780
GEMFIBROZILO 600MG TABLETA | CAJA X 300. GEN-FAR S.A;GEMFIBROZILO;1095;1765;425;;175749
GENTAMICINA 0.1% CREMA | TUBO X 40G. PROCAPS;GENTAMICINA (SULFATO);2;5;0;;178
GENTAMICINA 160mg/2ml SOLUCION INYECTABLE | CAJA X 1. VITALIS;GENTAMICINA (SULFATO);49;133;0;;9214
GENTAMICINA 80MG/2ML SOLUCION INYECTABLE | CAJA X 100. PROCAPS;GENTAMICINA (SULFATO);1;12;0;;6564
GESLUTIN PNM 100mg CAPSULA | CAJA X 30. TECNOFARMA;PROGESTERONA;5;0;10;;7
GLAUCOPROST 0.004% SOLUCION OFTALMICAS | FRASCO X 3ML. SCANDINAVIA;TRAVOPROST;3;8;0;;278
GLIMEPIRIDA 2mg TABLETA | CAJA X 16. LA SANTE;GLIMEPIRIDA;9;0;18;;124
GLUCAGEN 1MG SOLUCION INYECTABLE | CAJA X 1. NOVONORDISK;GLUCAGON HUMANO ADN;1;2;0;;4
GLUCOMETRO ON CALL ADVANCED 1 UNIDAD | CAJA X 1. DUMIAN MEDICAL S.A.S;TIRAS REACTIVAS;1;1;1;;0
GLUCOVANCE 500/2.5MG TABLETA | CAJA X 30. MERCK;METFORMINA+GLIBENCLAMIDA;30;120;0;;600
GLUCOX 2mg TABLETA | CAJA X 15. GARMISCH;GLIMEPIRIDA;81;288;0;;152085
GLUCOX 4MG TABLETA | CAJA X 30. GARMISCH;GLIMEPIRIDA;240;510;0;;136460
GLYTROL TETRA PRISMA 1CAL 250ML SUSPENSION ORAL | CAJA X 24. BAXTER;NUTRICION ENTERAL;15;30;0;;0
GUANTE EXAMEN TALLA L      MADHOS 1 UNIDAD | CAJA X 100. DUMIAN MEDICAL S.A.S;GUANTES QUIRURGICOS;700;700;700;;36600
GUANTE EXAMEN TALLA M     MADHOS  1 UNIDAD | CAJA X 100. DUMIAN MEDICAL S.A.S;GUANTES QUIRURGICOS;3100;3204;2996;;170600
GUAYACOLATO DE GLICERIO 2% JARABE | FRASCO X 120ML. LAPROFF;GUAYACOLATO DE GLICERIO;40;81;0;;0
HALOPERIDOL 10MG TABLETA | CAJA X 100. HUMAX;HALOPERIDOL;120;115;125;;16090
HALOPERIDOL 2% SOLUCION ORAL | FRASCO X 20ml. HUMAX;HALOPERIDOL;7;9;5;;505
HALOPERIDOL 5MG TABLETA | CAJA X 100. HUMAX;HALOPERIDOL;85;100;70;;8359
HARMETONE 10MG TABLETA | CAJA X 20. JANSSEN;DOMPERIDONA;90;100;80;;340
HARMETONE 1MG/ML SUSPENSION ORAL | FRASCO X 60ML. JANSSEN;DOMPERIDONA;14;25;3;;5
HCQS  200MG TABLETA | CAJA X 30. IPCA;HIDROXICLOROQUINA;754;423;1085;;308
HEPA-MERZ 3g POLVO PARA DISOLVER | CAJA X 10. BIOPASS;LORNITINA LASFORTO;120;250;0;;1960
HIDERAX 100mg/2ml SOLUCION INYECTABLE | CAJA X 1. LAFRANCOL;HIDROXICINA;0;5;0;;2614
HIDROCLOROTIAZIDA 25MG TABLETA | CAJA X 30. GEN-FAR S.A;HIDROCLOROTIAZIDA;878;1825;0;;1044250
HIDROCORTISONA 1% CREMA | TUBO X 15g. LAFRANCOL;HIDROCORTISONA ACETATO;55;86;24;;4094
HIDROXICINA 25 MG TABLETA | CAJA X 20. COASPHARMA;HIDROXICINA;1241;423;2059;;13660
HIDROXICINA 25mg TABLETA | CAJA X 20. GEN-FAR S.A;HIDROXICINA;29;43;15;;24532
HIDROXICINA JARABE 250mg/5ml FRASCO | FRASCO X 120ML. GEN-FAR S.A;HIDROXICINA;1;6;0;;584
HIDROXIDO ALUMINIO+SIMEITICONA+MAGNESIO HIDROXIDO 6,15 MG/100ML JARABE | FRASCO X 360ML. GRUFARMA;ALUMINIO HIDROXIDO+MAGNESIO HIDROXIDO+SIMETICONA;212;369;55;;702
HIOSCINA BUTIL BROMURO 20MG/1ML SOLUCION INYECTABLE | CAJA X 100. PROCAPS;HIOSCINA BUTILBROMURO;5;0;10;;10
HIPERTON 5% SOLUCION OFTALMICAS | FRASCO X 10ML. QUIFARMED;SOLUCION SALINA HIPERTONICA;1;2;0;;0
HUMALOG 100UI/10ml SOLUCION INYECTABLE | CAJA X 1. LILLY;INSULINA ANALOGA DE ACCION CORTA;8;10;6;;123
HUMALOG 3 ML CARTUCHO SOLUCION INYECTABLE | CAJA X 5. LILLY;INSULINA ANALOGA DE ACCION CORTA;7;0;14;;15
HUMALOG KWIWPEN 3ML SOLUCION INYECTABLE | CAJA X 1. LILLY;INSULINA ANALOGA DE ACCION CORTA;0;1;0;;0
HUMYLUB OFTENO 1+1.8 MG SOLUCION OFTALMICAS | FRASCO X 15ML. SOPHIA;CONDROITIN+HIALURONATO;3;7;0;;20
HYZAAR FORTE 100/25MG TABLETA | CAJA X 30. FROSST O MSD;LOSARTAN + HIDROCLOROTIAZIDA;30;30;30;;210
IBUPROFENO 100 MG/5 ML JARABE | FRASCO X 120 ML. JQ LABORATORIOS;IBUPROFENO;0;6;0;;8
IBUPROFENO 400mg TABLETA | CAJA X 100. GEN-FAR S.A;IBUPROFENO;504;1058;0;;238005
ILOTICINA 2% LOCION | FRASCO X 60ML. TECNOQUIMICAS;ERITROMICINA;22;28;16;;1483
IMIPRAMINA 25MG TABLETA RECUBIERTA | CAJA X 100. HUMAX;IMIPRAMINA;780;1430;130;;101504
INFLABON 200MCG BUCAL FRASCO | FRASCO X 200DOSIS. CHALVER;BUDESONIDA;2;4;0;;908
INFLABON 50MCG BUCAL FRASCO | FRASCO X 200DOSIS. CHALVER;BUDESONIDA;1;3;0;;1072
INMOX 30MG TABLETA | CAJA X 14. TECNOQUIMICAS;DULOXETINA;29;12;46;;1332
INMOX 60MG TABLETA | CAJA X 14. TECNOQUIMICAS;DULOXETINA;56;0;112;;4004
INMUNORHO ANTI D 300mcg SOLUCION INYECTABLE | FRASCO X 10mL. VITALIS;INMUNOGLOBULINA ANTI-D RHO;1;0;2;;2
INTELENCE 200 MG TABLETA | CAJA X 60. JANSSEN;ETRAVIRIINA;150;360;0;;840
ION-K ELIXIR 31.2% ELIXIR | FRASCO X 180mL. ANGLOPHARMA;GLUCONATO DE POTASIO;1;2;0;;4212
IOR-EPOCIM 2000UI INYECTABLE | CAJA X 10. DELTA;ERITROPOYETINA;52;116;0;;1438
ISENTRESS 400MG TABLETA CON RECUBIER | FRASCO X 60. FROSST O MSD;RALTEGRAVIR;180;120;240;;540
ISOCONAZOL 1% CREMA | TUBO X 20GR. GEN-FAR S.A;ISOCONAZOL;10;13;7;;1720
ISOCONAZOL 1% SOLUCION TOPICA | FRASCO X 20ML. GEN-FAR S.A;ISOCONAZOL;32;68;0;;1289
ISONIAZIDA 100MG TABLETA O CAPSULA | CAJA X 100. VESALIUS PHARMA S.A.S;ISONIAZIDA;71;100;42;;300
ISONIAZIDA 300MG TABLETA O CAPSULA | CAJA X 100. VESALIUS PHARMA S.A.S;ISONIAZIDA;60;55;65;;100
ISOPTO ATROPINA 1% SOLUCION OFTALMICAS | FRASCO X 5mL. ALCON;ATROPINA SULFATO;2;0;4;;72
ISOPTO MAXIDEX 1% SOLUCION OFTALMICAS | FRASCO X 5mL. ALCON;DEXAMETASONA;3;5;1;;103
IVERMECTINA 0.6% SOLUCION ORAL | FRASCO X 5ML. GEN-FAR S.A;IVERMECTINA;11;18;4;;237
JANUMET 50/1000MG TABLETA | CAJA X 28. FROSST O MSD;SITAGLIPTINA+METFORMINA;0;56;0;;2128
JANUMET 50/1000MG TABLETA | CAJA X 56. FROSST O MSD;SITAGLIPTINA+METFORMINA;310;168;452;;7560
JANUMET 50/500MG TABLETA | CAJA X 56. FROSST O MSD;SITAGLIPTINA+METFORMINA;56;168;0;;3976
JANUMET  50/850MG TABLETA | CAJA X 56. FROSST O MSD;SITAGLIPTINA+METFORMINA;56;56;56;;6048
JANUVIA 100MG TABLETA | CAJA X 28. FROSST O MSD;SITAGLIPTINA;98;140;56;;2912
JANUVIA 50MG TABLETA | CAJA X 28. FROSST O MSD;SITAGLIPTINA;84;84;84;;3692
JERINGA 10 ML C/A 21 1/2 MEDISPO 1 UNIDAD | CAJA X . PROTEX S.A;JERINGAS QUIRURGICAS;44;55;33;;1268
JERINGA 10 ML C/A 21G X 1 1/2 MADHOS 1 UNIDAD | CAJA X 100. DUMIAN MEDICAL S.A.S;JERINGAS QUIRURGICAS;0;100;0;;31210
JERINGA 10 ML C/A 21 X 1 1/2 3PTS 1 UNIDAD | CAJA X 1. ETERNA;JERINGAS QUIRURGICAS;9;0;18;;16
JERINGA 1 ML C/A 27 REMOVIBLE 1 UNIDAD | CAJA X 100. ETERNA;JERINGAS QUIRURGICAS;38;15;61;;0
JERINGA 1 ML C/A 30G X 1/2     CX100 30G UNIDAD | CAJA X 1. DUMIAN MEDICAL S.A.S;JERINGAS QUIRURGICAS;0;140;0;;43960
JERINGA 1 ML INSULINA AGUJA FIJA 1ML UNIDAD | CAJA X 100. DUMIAN MEDICAL S.A.S;JERINGAS QUIRURGICAS;0;1;0;;0
JERINGA 3 ML CA 21 X 1.1/2 MADHOS UNIDAD | CAJA X 100. DUMIAN MEDICAL S.A.S;JERINGAS QUIRURGICAS;0;28;0;;14028
JERINGA 50 ML C/A 21 X 1 1/2  CX30 1 UNIDAD | CAJA X 1. ETERNA;JERINGAS QUIRURGICAS;6;0;12;;0
JERINGA 5 ML C/A 21 X 1 1/2 MADHOS 1 UNIDAD | CAJA X 100. DUMIAN MEDICAL S.A.S;JERINGAS QUIRURGICAS;0;50;0;;0
JERINGA 5 ML C/A 21 X 1 1/2 MADHOS 1 UNIDAD | CAJA X 100. DUMIAN MEDICAL S.A.S;JERINGAS QUIRURGICAS;42;259;0;;24040
JERINGA 60 ML PUNTA CATETER    REF:309620 1 UNIDAD | CAJA X 1. LABORATORIO BECTON DICKINSON;JERINGAS QUIRURGICAS;70;79;61;;56
JEVITY 2 SOLUCION ORAL | TARRO X 1500ML. ABBOTT;NUTRICION ENTERAL;30;0;60;;121
JEVITY  2 SUSPENSION ORAL | TARRO X 1500ML. ABBOTT;NUTRICION ENTERAL;48;72;24;;248
JEVITY 2 SUSPENSION ORAL | TARRO X 500mL. ABBOTT;NUTRICION ENTERAL;93;6;180;;202
KALETRA 200+50mg TABLETA | FRASCO X 120. ABBVIE SAS;LOPINAVIR+RITONAVIR;3060;4320;1800;;14515
KAPTIN  300MG CAPSULA | CAJA X 100. LEGRAND;GABAPENTINA;2488;3950;1026;;152350
KAPTIN 400mg CAPSULA | CAJA X 100. LEGRAND;GABAPENTINA;1470;2405;535;;62493
KATOVIT E MULTIVITAMINAS JARABE | FRASCO X 240ML. BIOQUIFAR;MULTIVITAMINAS + MINERALES;2;4;0;;165
KATOVIT SD MULTIVITAMINAS TABLETA | CAJA X 30. BIOQUIFAR;MULTIVITAMINAS + MINERALES;195;510;0;;23070
KEPPRA  500 MG TABLETA | CAJA X 30. GLAXO;LEVETIRACETAM;510;510;510;;960
KESPIRONA  100MG TABLETA | CAJA X 30. DATA HEIMDALL;ESPIRONOLACTONA;210;365;55;;7160
KETOCONAZOL 200mg TABLETA | CAJA X 10. GEN-FAR S.A;KETOCONAZOL;16;165;0;;9760
KETOCONAZOL  200MG TABLETA | CAJA X 10. LAPROFF;KETOCONAZOL;16;29;3;;0
KETOCONAZOL 2% CREMA | TUBO X 30GR. GEN-FAR S.A;KETOCONAZOL;27;41;13;;2464
KETOTIFENO 1MG/5ML JARABE | FRASCO X 100ML. LAPROFF;KETOTIFENO;27;47;7;;4224
KETOTIFENO 1MG TABLETA | CAJA X 30. GEN-FAR S.A;KETOTIFENO;136;243;29;;27350
KETOTIFENO 1MG TABLETA | CAJA X 30. LAPROFF;KETOTIFENO;50;0;100;;0
LAGRICEL 0.4% X 0.5ML SOLUCION OFTALMICAS | CAJA X 1. SOPHIA;HIALURONATO DE SODIO;5;0;10;;0
LAGRIKOV 0.5% SOLUCION OFTALMICAS | FRASCO X 15mL. BLASKOV;CARBOXIMETILCELULOSA SODICA;299;142;456;;11430
LAMETEC 100mg TABLETA | CAJA X 30. VITALCHEM;LAMOTRIGINA;758;1435;81;;57390
LAMETEC 50MG TABLETA | CAJA X 30. VITALCHEM;LAMOTRIGINA;323;645;1;;18220
LAMIVUDINA 10MG/ML SOLUCION ORAL | FRASCO X 240ML. HUMAX;LAMIVUDINA;0;1;0;;63
LAMIVUDINA 150mg TABLETA O CAPSULA | CAJA X 60. HUMAX;LAMIVUDINA;690;1340;40;;3578
LAMIVUDINA+ZIDOVUDINA 150/300mg TABLETA | CAJA X 60. HUMAX;LAMIVUDINA + ZIDOVUDINA;2160;3510;810;;6305
LANCETAS ON CALL ADVANCED 1 UNIDAD | CAJA X 100. DUMIAN MEDICAL S.A.S;TIRAS REACTIVAS;1;2;0;;0
LANITOP 0.1MG TABLETA | CAJA X 20. ROCHE;BETAMETILDIGOXINA;45;105;0;;5574
LANSOPRAZOL 30MG CÁPSULA | CAJA X 14. GEN-FAR S.A;LANSOPRAZOL;930;1242;618;;486093
LANTUS 100UI/ml SOLUCION INYECTABLE | FRASCO X 10ml. SANOFI-AVENTIS;GLARGINA INSULINA;24;0;48;;32
LANTUS SOLOSTAR 100UI/ML SOLUCION INYECTABLE | FRASCO X 3ML. SANOFI-AVENTIS;GLARGINA INSULINA;11;6;16;;58
LASTACAFT 2.5mg/ML SOLUCION OFTALMICAS | FRASCO X 3ml. ALLERGAN;ALCAFTADINE;0;1;0;;42
LEFLAVA 20MG TABLETA | CAJA X 30. VITALCHEM;LEFLUNOMIDA;825;1540;110;;47050
LEGABIN  300mg CAPSULA | CAJA X 30. LEGRAND;PREGABALINA;30;150;0;;570
LEUCOTREN  10 MG TABLETA | CAJA X 30. GARMISCH;MONTELUKAST SODICO;1917;3871;0;;214840
LEUCOTREN 4MG TABLETA | CAJA X 30. GARMISCH;MONTELUKAST SODICO;75;220;0;;20230
LEUCOTREN 5MG TABLETA | CAJA X 30. GARMISCH;MONTELUKAST SODICO;183;375;0;;51035
LEVEMIR 100UI/3ML SOLUCION INYECTABLE | CAJA X 5 CARTUCHO. NOVONORDISK;INSULINA DETEMIR;10;8;12;;352
LEVETIRACETAM 1.000 MG TABLETA | CAJA X 30. GEN-FAR S.A;LEVETIRACETAM;0;30;0;;5550
LEVOCETIRIZINA 5MG TABLETA | CAJA X 10. LA SANTE;LEVOCETIRIZINA;15;0;30;;1030
LEVOFLOXACINA 500MG TABLETA CON RECUBIER | CAJA X 14. GEN-FAR S.A;LEVOFLOXACINA;23;39;7;;5804
LEVOMEPROMAZINA 100MG TABLETA | CAJA X 100. HUMAX;LEVOMEPROMAZINA;173;480;0;;12670
LEVOMEPROMAZINA 25MG TABLETA | CAJA X 100. HUMAX;LEVOMEPROMAZINA;715;970;460;;25510
LEVOMEPROMAZINA 4% SOLUCION ORAL | FRASCO X 20ML. HUMAX;LEVOMEPROMAZINA;30;43;17;;970
LEVOPRAZ 5 MG TABLETA | CAJA X 10. GARMISCH;LEVOCETIRIZINA;45;50;40;;1130
LEVOTIROXINA SODICA 100mg TABLETA | CAJA X 150. SIEGFRIED;LEVOTIROXINA SODICA;8539;16042;1036;;378585
LEVOTIROXINA SODICA 50MG TABLETA | CAJA X 150. SIEGFRIED;LEVOTIROXINA SODICA;19637;35144;4130;;888400
LEVOTIROXINA SODICA  75 MCG TABLETA | CAJA X 50. TECNOQUIMICAS;LEVOTIROXINA SODICA;360;580;140;;268701
LIDOPROCTO 60+5 MG SUPOSITORIO | CAJA X 10. ROPSOHN;LIDOCAINA+CORTICOIDE;60;214;0;;1295
LIDOPROCTO 60+5 MG UNGUENTO PROCTOLOGICO | TUBO X 10GR. ROPSOHN;LIDOCAINA+CORTICOIDE;43;66;20;;3097
LIGARIL D 500MG TABLETA | CAJA X 250. BIOQUIFAR;DIPIRONA;8;10;6;;0
LIORESAL 10mg TABLETA | CAJA X 50. NOVARTIS;BACLOFENO;615;620;610;;3210
LIPITOR  20 MG TABLETA | CAJA X 30. PFIZER;ATORVASTATINA;0;60;0;;990
LIRODERM 10% LOCION | FRASCO X 60ml. BIOQUIFAR;CROTAMITON;6;0;12;;0
LISIPRIL 20MG TABLETA | CAJA X 10. LAFRANCOL;LISINOPRIL;60;80;40;;170
LITOMEN 300mg TABLETA | CAJA X 10. BEST LTDA;URSODESOXICOLICO;405;570;240;;7409
LONAZET 300MG TABLETA | CAJA X 100. LEGRAND;OXCARBAZEPINA;345;830;0;;11190
LONAZET 600MG TABLETA | CAJA X 100. LEGRAND;OXCARBAZEPINA;415;770;60;;1420
LOPERAMIDA 2mg TABLETA | CAJA X 240. ECAR;LOPERAMIDA;290;660;0;;32845
LORATADINA 10mg TABLETA | CAJA X 300. LAPROFF;LORATADINA;1951;3678;224;;470460
LORATADINA 5MG/5ML JARABE | FRASCO X 100. WINTHROOP;LORATADINA;39;89;0;;2625
LORAZEPAM 2mg TABLETA | CAJA X 30. LAPROFF;LORAZEPAM;668;0;1336;;90
LORAZEPAM 2MG TABLETA | CAJA X 30. WINTHROOP;LORAZEPAN;307;1546;0;;55839
LOSARTAN 50 MG TABLETA | CAJA X 900. GEN-FAR S.A;LOSARTAN POTASICO;3470;6500;440;;3856490
LOSEC MUPS 10mg TABLETA DE LIBERACION PROGRAMADA | CAJA X 14. ASTRA ZENECA;OMEPRAZOL;84;112;56;;280
LOSEC MUPS 20mg TABLETA DE LIBERACION PROGRAMADA | CAJA X 14. ASTRA ZENECA;OMEPRAZOL;28;28;28;;168
LOTESOFT 5MG SOLUCION OFTALMICAS | FRASCO X 5ML. SCANDINAVIA;LOTEPREDNOL ETABONATO;6;6;6;;25
LOUTEN 0,05mg/mL  SOLUCION OFTALMICAS | FRASCO X 2.5mL. SCANDINAVIA;LATANOPROST;184;328;40;;8100
LOVASTATINA 20 MG TABLETA | CAJA X 200. LABINCO;LOVASTATINA;475;2300;0;;480540
LOVASTATINA 20mg TABLETA | CAJA X 30. ROPSOHN;LOVASTATINA;95;360;0;;200
LUMIGAN 0.3% SOLUCION OFTALMICAS | FRASCO X 3mL. ALLERGAN;BIMATOPROST;2;3;1;;183
LUVOX 100mg TABLETA | CAJA X 30. ABBOTT;FLUVOXAMINA;210;180;240;;3105
MACRODANTINA 50MG TABLETA O CAPSULA | CAJA X 40. BOEHRINGER;NITROFURANTOINA MACROCRISTALES;15;120;0;;680
MAGNESIUM 400 MG  TABLETA | CAJA X 100. VARIOS E IMPORTADOS;OXIDO DE MAGNESIO;100;200;0;;200
MEBENDAZOL 100MG/5ML SUSPENSION ORAL | FRASCO X 30ML. GEN-FAR S.A;MEBENDAZOL;0;2;0;;1135
MEBENDAZOL 100mg TABLETA | CAJA X 60. GEN-FAR S.A;MEBENDAZOL;3;20;0;;2468
MEDROL 4MG TABLETA | CAJA X 50. PFIZER;METILPRENISOLONA;30;100;0;;3230
MEDROXIPROGESTERONA  5mg TABLETA | CAJA X 30. LAFRANCOL;MEDROXIPROGESTERONA ACETATO;427;621;233;;14332
MELATONINA 3mg TABLETA | FRASCO X 60. VARIOS E IMPORTADOS;MELATONINA;75;90;60;;90
MELOXICAM 15MG TABLETA | CAJA X 10. LA SANTE;MELOXICAM;525;1230;0;;0
MELOXICAM 7.5 MG TABLETA | CAJA X 10. LA SANTE;MELOXICAM;4282;0;8564;;140910
MESAX 500 MG TABLETA CON RECUBIER | CAJA X 100. LABINCO;MESALAZINA;130;0;260;;20
METFORMINA 850MG TABLETA | CAJA X 900. GEN-FAR S.A;METFORMINA;1688;3645;0;;5341924
METIMAZOL 5mg TABLETA | CAJA X 100. LAFRANCOL;METIMAZOL;938;1835;41;;35420
METOCLOPRAMIDA  10mg/2mL SOLUCION INYECTABLE | CAJA X 100. FRESENIUS;METOCLOPRAMIDA;0;6;0;;77
METOCLOPRAMIDA 10MG/2ML SOLUCION INYECTABLE | CAJA X 10. VITALIS;METOCLOPRAMIDA;0;2;0;;75135
METOCLOPRAMIDA 10mg TABLETA | CAJA X 270. BUSSIE;METOCLOPRAMIDA;0;1620;0;;207841
METOCLOPRAMIDA 10mg TABLETA | CAJA X 300. LAPROFF;METOCLOPRAMIDA;1644;1963;1325;;333
METOCLOPRAMIDA 4mg/mL SOLUCION ORAL | FRASCO X 30mL. BUSSIE;METOCLOPRAMIDA;9;20;0;;3951
METOPROLOL TARTRATO 50MG TABLETA O GRAGEA | CAJA X 300. WINTHROOP;METOPROLOL  TARTRATO;0;1500;0;;1272481
METOTREXATO 2.5MG TABLETA | CAJA X 100. TECNOFARMA;METOTREXATE;1517;1982;1052;;141130
METRONIDAZOL 250 MG X 120 ML SUSPENSION ORAL | FRASCO X 1. GEN-FAR S.A;METRONIDAZOL;14;15;13;;1171
METRONIDAZOL 500mg OVULO O TABLETA VAGINAL | CAJA X 200. PROCAPS;METRONIDAZOL;365;1457;0;;27226
METRONIDAZOL 500MG TABLETA | CAJA X 100. GEN-FAR S.A;METRONIDAZOL;592;300;884;;57910
METROZIN NISTATINA 500MG+100000UI OVULO O TABLETA VAGINAL | CAJA X 10. PROCAPS;METRONIDAZOL+NISTATINA;1;16;0;;5280
MICARDIS 80MG TABLETA | CAJA X 28. BOEHRINGER;TELMISARTAN;28;56;0;;1498
MICOFENOLATO 500 MG TABLETA CON RECUBIER | CAJA X 50. WINTHROOP;MICOFELONATO;70;460;0;;3170
MICOSTATIN 500.000 UI TABLETA RECUBIERTA | CAJA X 50. BRISTOL;NISTATINA;90;30;150;;250
MICOTRAZOL 100MG CAPSULA | CAJA X 4. BIOQUIFAR;ITRACONAZOL;84;31;137;;2
MICROPORE 2PULG. COLOR PIEL 3M REF: 1533-2P CX6 1 UNIDAD | . X 1. LABORATORIO 3M DECOLOMBIA;CURACIONES QUIRURGICAS;26;45;7;;1727
MICROPORE 2pulg. COLOR PIEL CX6 1 UNIDAD | . X 1. TECNOQUIMICAS S.A;CURACIONES QUIRURGICAS;22;46;0;;7459
MICROPORE COLOR PIEL 1PULG REF:533-1 P 1 UNIDAD | CAJA X 12. LABORATORIO 3M DECOLOMBIA;CURACIONES QUIRURGICAS;1;2;0;;825
MILPAX PLUS MENTA 0,633G+2,39G/100ML SUSPENSION ORAL | FRASCO X 355ML. FARMA;HIDROXIDO DE ALUMINIO+CARBONATO DE MAGNESIO+ALGINATO DE SODIO;3;5;1;;227
MIOFLEX 750 MG TABLETA | CAJA X 100. LABINCO;METOCARBAMOL;3231;6202;260;;175630
MIO RELAX 2MG TABLETA | CAJA X 20. BIOQUIFAR;TIZANIDINA;5;10;0;;60
MIRAPEX ER 0.375 MG TABLETA DE LIBERACION PROGRAMADA | CAJA X 10. BOEHRINGER;PRAMIPEXOL;30;60;0;;1040
MIRAPEX ER 0.75MG TABLETA DE LIBERACION PROGRAMADA | CAJA X 10. BOEHRINGER;PRAMIPEXOL;135;210;60;;2240
MIRAPEX ER 1.5MG TABLETA DE LIBERACION PROGRAMADA | CAJA X 30. BOEHRINGER;PRAMIPEXOL;60;0;120;;1120
MIRAPEX ER 3.0MG TABLETA DE LIBERACION PROGRAMADA | CAJA X 30. BOEHRINGER;PRAMIPEXOL;105;120;90;;1650
MIRAPEX ER 4.5MG TABLETA DE LIBERACION PROGRAMADA | CAJA X 30. BOEHRINGER;PRAMIPEXOL;15;30;0;;870
MODUSIK A 1MG/ML SOLUCION OFTALMICAS | FRASCO X 5ML. SOPHIA;CICLOSPORINA;5;14;0;;53
MOMETASONA 0.1% CREMA | TUBO X 15GR. GEN-FAR S.A;MOMETASONA;37;83;0;;1378
MOMETASONA 0.1% LOCION | FRASCO X 30ML. GEN-FAR S.A;MOMETASONA;2;5;0;;635
MOMETASYN 140 DOSIS ADULTO 0.05% SPRAY NASAL | FRASCO X 18g. SYNTHESIS;MOMETASONA;161;270;52;;4144
MOMETASYN 60 DOSIS PEDIATRICO 0.05% SPRAY NASAL | FRASCO X 10GR. SYNTHESIS;MOMETASONA;40;84;0;;1242
MORFINA 3% SOLUCION ORAL | FRASCO X 30mL. MINSALUD;MORFINA;3;0;6;;0
MOXIFLOXACINA 400MG TABLETA CON RECUBIER | CAJA X 7. LA SANTE;MOXIFLOXACINO;14;49;0;;28
MULTAQ 400MG TABLETA CON RECUBIER | CAJA X 30. SANOFI-AVENTIS;DRONEDARONA;60;150;0;;420
MYCOKEM  500 MG TABLETA CON RECUBIER | CAJA X 10. NEXT PHARMA SOURCING S.A.S.;MICOFELONATO;305;0;610;;390
MYFORTIC 180mg TABLETA CON RECUBIER | CAJA X 120. NOVARTIS;MICOFELONATO;15;150;0;;120
MYFORTIC 360MG TABLETA CON RECUBIER | CAJA X 120. NOVARTIS;MICOFELONATO;1230;1110;1350;;0
NABUMEX 250MCG  BUCAL AEROSOL | FRASCO X 200DOSIS. CHALVER;BECLOMETASONA DIPROPIONATO;44;69;19;;5498
NABUMEX  50MCG BUCAL AEROSOL | FRASCO X 200 DOSIS. CHALVER;BECLOMETASONA DIPROPIONATO;19;19;19;;12743
N-ACETILCISTEINA 200MG POLVO PARA DISOLVER | CAJA X 30. LA SANTE;ACETILCISTEINA;1846;3404;288;;72839
NAPROXENO  125MG/5ML JARABE | FRASCO X 80ML. JQ LABORATORIOS;NAPROXENO;2;7;0;;563
NAPROXENO 250MG TABLETA O CAPSULA | CAJA X 300. WINTHROOP;NAPROXENO;3281;5991;571;;307488
NAPROXENO 500mg TABLETA | CAJA X 10. GEN-FAR S.A;NAPROXENO;12;91;0;;55733
N-BUTIL BROMURO HIOSCINA 20mg/mL SOLUCION INYECTABLE | CAJA X 10. PROCAPS;HIOSCINA BUTILBROMURO;0;20;0;;143
NEPRO AP 237 ML - 8 OZ LIQUIDO | CAJA X 24. ABBOTT;NUTRICION ENTERAL;15;60;0;;0
NEUPREL 75 MG CAPSULA | CAJA X 60. EUROPACK;PREGABALINA;3700;7390;10;;155220
NEVIRAPINA 200MG TABLETA | CAJA X 60. HUMAX;NEVIRAPINA;360;560;160;;5770
NEVITEN 5MG TABLETA | CAJA X 30. GARMISCH;NEBIVOLOL;0;30;0;;4630
NIFEDIPINO 10MG CÁPSULA | CAJA X 30. GEN-FAR S.A;NIFEDIPINO;38;0;76;;460
NIFEDIPINO RETARD 30 MG TABLETA O CAPSULA DE LIBERACION | CAJA X 300. EXPOFARMA;NIFEDIPINO;708;1445;0;;139890
NIMODIPINA 30 MG TABLETA O CAPSULA | CAJA X 250. EXPOFARMA;NIMODIPINA;383;1910;0;;70010
NISTATINA 100.000UI SUSPENSION ORAL | FRASCO X 60ML. LABINCO;NISTATINA;26;61;0;;4978
NISTATINA + OXIDO DE ZINC  (2+20)g/100g UNGUENTO | TUBO X 40g. PROCAPS;NISTATINA+OXIDO DE ZINC;58;126;0;;1702
NITROFURANTOINA 100mg TABLETA | CAJA X 100. AVANPHARMA;NITROFURANTOINA MACROCRISTALES;892;2759;0;;139914
NITROZIN 2% CREMA | TUBO X 40g. AVANPHARMA;NITROFURAZONA;0;2;0;;0
NIVECOL 40MG TABLETA | CAJA X 30. GARMISCH;ATORVASTATINA;300;300;300;;8750
NORFLOXACINO 400MG TABLETA O CAPSULA | CAJA X 14. GEN-FAR S.A;NORFLOXACINA;137;238;36;;12297
NORTRICOL 200MG CAPSULA | CAJA X 20. SIEGFRIED;FENOFIBRATO;180;10;350;;10
NORTRICOL 200MG TABLETA | CAJA X 10. SIEGFRIED;FENOFIBRATO;60;280;0;;11950
NORVIR 100mg TABLETA | CAJA X 30. ABBVIE SAS;RITONAVIR;285;0;570;;0
NOVATRIX PROTECTOR CUTANEO - POLVO PARA DISOLVER | BOLSA X 50GR. VARIOS E IMPORTADOS;DIOXIDO DE TITANIO+ OXIDO ZINC;0;2;0;;0
NOVOLIN N  100UI/10ML SOLUCION INYECTABLE | CAJA X 1. NOVONORDISK;INSULINA HUMANA;5;12;0;;4574
NOVOLIN R 100UI/mL  SOLUCION INYECTABLE | FRASCO X 10ml. NOVONORDISK;INSULINA ZINC CRISTALINA;1;5;0;;1384
NOVORAPID FLEXPEN 100UI/3ml SOLUCION INYECTABLE | CAJA X 5. NOVONORDISK;INSULINA ANALOGA DE ACCION CORTA;6;15;0;;149
NUTREN 1.5 1000mL SUSPENSION ORAL | CAJA X 4 BOLSAS. BAXTER;NUTRICION ENTERAL;31;62;0;;692
NUTREN VAINILLA TETRA PRISMA 1.0 (250ml) SUSPENSION ORAL | CAJA X 24. BAXTER;NUTRICION ENTERAL;150;12;288;;93
OBAX 10 MG TABLETA | CAJA X 20. HUMAX;CLOBAZAM;330;695;0;;4330
ODRANAL 150MG TABLETA DE LIBERACION PROGRAMADA | CAJA X 30. TECNOFARMA;BUPROPION;30;60;0;;2700
OFTAMOX 0.5% SOLUCION OFTALMICAS | FRASCO X 5ML. TECNOQUIMICAS;MOXIFLOXACINO;7;10;4;;206
OLAZAP 10MG TABLETA | CAJA X 30. GARMISCH;OLANZAPINA;255;515;0;;16086
OLAZAP 5mg TABLETA | CAJA X 15. GARMISCH;OLANZAPINA;405;670;140;;16137
OLMETEC 20MG TABLETA CON RECUBIER | CAJA X 30. PFIZER;OLMESARTAN;60;120;0;;690
OLMETECANLO 40MG+5MG TABLETA | CAJA X 30. PFIZER;OLMESARTAN+AMLODIPINO;30;30;30;;0
OLVISION 0.1% SOLUCION OFTALMICAS | FRASCO X 5ML. VITALIS;OLOPATADINA;47;85;9;;612
OMEPRAZOL 20mg CAPSULA | CAJA X 300. LEGRAND;OMEPRAZOL;158;0;316;;80
OMEPRAZOL 20 MG CAPSULA | CAJA X 840. TAKEDA;OMEPRAZOL;9230;12801;5659;;2963755
ONDAX 8mg TABLETA | CAJA X 10. GARMISCH;ONDASETRON;90;180;0;;14500
OPHARCIM  3MG/1 ML SOLUCION OFTALMICAS | FRASCO X 5ML. COMERLAT;GENTAMICINA (SULFATO);5;20;0;;3295
OPTICAM 0.03% SOLUCION OFTALMICAS | FRASCO X 5ML. ESPECIALIDADES OFT;MELOXICAM;2;1;3;;63
OPTICLUDE ADULTO CX20 3M 1 PARCHE | CAJA X 20. LABORATORIO 3M DECOLOMBIA;MATERIAL OFTALMOLOGICO;0;60;0;;1675
OPTICLUDE JUNIOR  . PARCHES | CAJA X 20. LABORATORIO 3M DECOLOMBIA;MATERIAL OFTALMOLOGICO;120;150;90;;925
ORLISTAT 120MG CAPSULA | CAJA X 21. TECNOQUIMICAS;ORLISTAT;180;216;144;;5089
OSMOTEARS 1.4% SOLUCION OFTALMICAS | FRASCO X 15ML. COMERLAT;ALCOHOL POLIVINILICO;153;63;243;;6786
OSTEOCALCIT 150 MG TABLETA | CAJA X 1. QUIMICA PATRIC;ACIDO IBANDRONICO;1;39;0;;0
OTOGLICAR 1% SOLUCION OTICA | FRASCO X 30ml. GERCO;GLICERINA CARBONATADA;56;122;0;;3066
PANAL CONTENT BASIC TALLA L PAQUETE X 8 UNIDAD | CAJA X 1. TECNOQUIMICAS S.A;PAÃALES PARA INCONTINENCIA;116;128;104;;133
PANAL CONTENT BASIC TALLA M PAQUETE 8 UNIDAD | CAJA X 1. TECNOQUIMICAS S.A;PAÃALES PARA INCONTINENCIA;32;40;24;;326
PANAL CONTENT EXTRA TALLA L PAQ 8 UNIDAD | CAJA X 10. TECNOQUIMICAS S.A;PAÃALES PARA INCONTINENCIA;15;44;0;;397
PANAL CONTENT EXTRA TALLA M PAQ 8 UNIDAD | CAJA X 10. TECNOQUIMICAS S.A;PAÃALES PARA INCONTINENCIA;31;62;0;;147
PANAL HUGGUIES LITTE SWIMMERS PISINA PX11 1 UNIDAD | . X 1. DROGUERIA SAN JORGE;ASEO PERSONAL;1;2;0;;0
PANAL TENA SLIP TALLA L 1 PAQUETE | . X 21 UNDS. DROGUERIA SAN JORGE;PAÐALES PARA INCONTINENCIA;5;13;0;;136
PANAL TENA SLIP TALLA M 1 PAQUETE | . X 21 UNDS. DROGUERIA SAN JORGE;PAÐALES PARA INCONTINENCIA;9;9;9;;2
PANAL TENA SLIP TALLA S  1 UNIDAD | CAJA X 21. DROGUERIA SAN JORGE;PAÐALES PARA INCONTINENCIA;16;10;22;;29
PANAL WINNY GOD ETAPA 4 PX22 1 UNIDAD | . X 1. CHICCO DE COLOMBIA S.A.;PAÐALES PARA INCONTINENCIA;5;1;9;;11
PANAL WINNY GOD ETAPA 6 1 PAQUETE | . X 20 UNDS. TECNOQUIMICAS S.A;PAÃALES PARA INCONTINENCIA;7;13;1;;1
PANAL WINNY ULTR SEC MORADO ETAPA 4 UNIDAD | BOLSA X 30. DROGUERIA SAN JORGE;PAÐALES PARA INCONTINENCIA;0;6;0;;10
PANITOS HUMEDOS WINNY 1 PAQUETE | . X 50 UNDS. TECNOQUIMICAS S.A;PAÃALES PARA INCONTINENCIA;45;72;18;;73
PAROXETINA 20MG TABLETA | CAJA X 30. ECAR;PAROXETINA;385;945;0;;26580
PASEDOL 50MG TABLETA | CAJA X 300. ECAR;DIMENHIDRINATO;415;1038;0;;53338
PASTA LASSAR 25/12.5 GR CREMA | POTE X 100 GR. QUIFARMA;OXIDO DE ZINC;125;229;21;;2006
PENICILINA G BENZATI 1.200.000UI POLVO PARA INYECCION | CAJA X 10. VITALIS;PENICILINA G BENZATINICA;4;23;0;;4837
PENICILINA G BENZATINICA 2.400.000UI POLVO PARA INYECCION | CAJA X 10. VITALIS;PENICILINA G BENZATINICA;5;19;0;;2394
PENICILINA G PROCAINICA 800.000 UI POLVO PARA INYECCION | CAJA X 10. VITALIS;PENICILINA G PROCAINICA;0;17;0;;271
PENTASA 2g SOBRE | CAJA X 30. BIOPASS;MESALAZINA;30;60;0;;780
PENTOXIFILINA 400mg TABLETA DE LIBERACION PROGRAMADA | CAJA X 30. GEN-FAR S.A;PENTOXIFILINA;1260;2160;360;;29840
PENTOXIL 400MG TABLETA | CAJA X 100. NOVAMED;PENTOXIFILINA;225;0;450;;0
PEN VEE K 500MG TABLETA | CAJA X 100. NOVARTIS;PENICILINA FENOXIMETILICA (Y SALES);0;20;0;;68
PEPTAMEN JUNIOR 250ML SUSPENSION ORAL | CAJA X 24. BAXTER;NUTRICION ENTERAL;150;0;300;;231
PERIDON 1mg TABLETA | CAJA X 20. GARMISCH;RISPERIDONA;563;910;216;;26790
PERIDON 2mg TABLETA | CAJA X 20. GARMISCH;RISPERIDONA;870;1460;280;;51160
PILCARD 5MG TABLETA | FRASCO X 30. DUMIAN MEDICAL S.A.S;PILOCARPINA CLORHIDRATO O NITRATO;120;360;0;;240
PIPOTIAZINA 25mg/mL SOLUCION INYECTABLE | CAJA X 3. ACTIFARMA;PIPOTIAZINA PALMITATO;3;7;0;;790
PIRANTEL PAMOATO 250mg/5mL SUSPENSION ORAL | FRASCO X 15mL. GEN-FAR S.A;PIRANTEL (EMBONATO O PAMOATO);1;33;0;;2795
PIRANTEL PAMOATO 250MG TABLETA O CAPSULA | CAJA X 60. GEN-FAR S.A;PIRANTEL (EMBONATO O PAMOATO);46;75;17;;7306
PIRIDOSTIGMINA 60mg TABLETA | CAJA X 20. EUROPACK;PIRIDOSTIGMINA BROMURO;0;100;0;;11125
PIRIDOXINA 50mg TABLETA O CAPSULA | CAJA X 100. LAPROFF;PIRIDOXINA CLORHIDRATO;340;640;40;;10584
PIROXICAM 5% GEL O JALEA | TUBO X 40GR. GEN-FAR S.A;PIROXICAM;678;1250;106;;27792
PLATA SULFADIAZINA 1% CREMA | TUBO X 100g. BUSSIE;PLATA SULFADIAZINA;4;16;0;;172
PLATA SULFADIAZINA 1% CREMA | TUBO X 30g. COASPHARMA;PLATA SULFADIAZINA;6;24;0;;1844
PLAVIX 75MG TABLETA | CAJA X 28. SANOFI-AVENTIS;CLOPIDROGEL;56;112;0;;1708
PRADAXA 110mg CAPSULA | CAJA X 30. BOEHRINGER;DABIGATRAN ETEXILATO;360;420;300;;5400
PRADAXA  150MG CAPSULA | CAJA X 30. BOEHRINGER;DABIGATRAN ETEXILATO;60;180;0;;1380
PRAZOSINA 1mg TABLETA | CAJA X 300. EXPOFARMA;PRAZOSINA;235;670;0;;120165
PRED F 1% SOLUCION OFTALMICAS | FRASCO X 5mL. ALLERGAN;PREDNISOLONA;28;1;55;;920
PREDNISOLONA 5MG TABLETA | CAJA X 30. GEN-FAR S.A;PREDNISOLONA;2554;4717;391;;188325
PREDNISONA  50mg TABLETA | CAJA X 100. TECNOQUIMICAS;PREDNISONA;172;345;0;;33043
PREPARACION MAGISTRAL FCO 1 FRASCO | FRASCO X 1. VARIOS E IMPORTADOS;PREPARACION MAGISTRAL;1;1;1;;0
PRESIDERM 2% UNGUENTO | TUBO X 15G. SCANDINAVIA;MUPIROCINA;1;2;0;;60
PREZISTA 400mg TABLETA | CAJA X 60. JANSSEN;DARUNAVIR;120;0;240;;0
PREZISTA  600MG TABLETA | CAJA X 60. JANSSEN;DARUNAVIR;300;360;240;;2460
PRISTIQ 50MG TABLETA | CAJA X 14. PFIZER;DESVENLAFAXINA;14;42;0;;518
PROGENDO 100mg CAPSULA | CAJA X 30. GYNOPHARMA;PROGESTERONA;5;110;0;;450
PROGENDO 200MG CAPSULA | CAJA X 20. GYNOPHARMA;PROGESTERONA;133;335;0;;1070
PROGRAF 1MG CAPSULA | CAJA X 50. JANSSEN;TACROLIMUS;185;130;240;;200
PROGRAF XL 1MG CAPSULA DE LIBERACION PROGRAMADA | CAJA X 50. JANSSEN;TACROLIMUS;315;520;110;;2810
PROGRAF XL 3mg CAPSULA DE LIBERACION PROGRAMADA | CAJA X 50. JANSSEN;TACROLIMUS;135;280;0;;200
PROGRAF XL 5MG CAPSULA DE LIBERACION PROGRAMADA | CAJA X 50. JANSSEN;TACROLIMUS;475;510;440;;160
PROLASTAT 0.5mg TABLETA | CAJA X 8. SIEGFRIED;CABERGOLINA;100;159;41;;6204
PROPAFENONA 150 MG TABLETA | CAJA X 30. GEN-FAR S.A;PROPAFENONA;135;285;0;;12470
PROPRANOLOL 40MG TABLETA | CAJA X 300. LAPROFF;PROPRANOLOL;1245;2015;475;;41520
PROPRANOLOL 80mg TABLETA | CAJA X 300. LAPROFF;PROPRANOLOL;75;410;0;;16010
PROSTARIDE 4MG TABLETA | CAJA X 30. GARMISCH;DOXAZOSINA;60;195;0;;863
PROTECTOR SOLAR SPF 57 80G FRASCO | CAJA X 1. DUMIAN MEDICAL S.A.S;BLOQUEADOR SOLAR;1;3;0;;38
PROTOMAX  100 MG TABLETA | CAJA X 30. VITALCHEM;TOPIRAMATO;30;60;0;;5720
PROTOMAX 50mg TABLETA | CAJA X 30. VITALCHEM;TOPIRAMATO;180;330;30;;5580
PURPUCINA 0.03% UNGUENTO OFTALMICO | TUBO X 5G. RIDHI PHARMA;GENTAMICINA (SULFATO);3;12;0;;234
QUETIDIN 25MG TABLETA CON RECUBIER | CAJA X 30. GYNOPHARMA;QUETIAPINA;63;170;0;;1620
RANITIDINA 150MG TABLETA | CAJA X 20. COASPHARMA;RANITIDINA (CLORHIDRATO);1215;3611;0;;168130
RANITIDINA 150 MG TABLETA | CAJA X 300. B.C.N MEDICAL;RANITIDINA (CLORHIDRATO);0;300;0;;1660
RANITIDINA 150mg TABLETA | CAJA X 300. LAPROFF;RANITIDINA (CLORHIDRATO);767;0;1534;;5040
RANITIDINA 300MG TABLETA | CAJA X 10. GEN-FAR S.A;RANITIDINA (CLORHIDRATO);99;502;0;;69040
RANITIDINA 300MG TABLETA | CAJA X 300. LAPROFF;RANITIDINA (CLORHIDRATO);145;0;290;;1450
RANITIDINA 50MG/2ML SOLUCION INYECTABLE | CAJA X 10. PROCAPS;RANITIDINA (CLORHIDRATO);2;8;0;;82
RANITIDINA (CLORHIDRATO) 50mg/2mL SOLUCION INYECTABLE | CAJA X 5. GEN-FAR S.A;RANITIDINA (CLORHIDRATO);3;0;6;;37885
RAPAMUNE 1MG TABLETA O GRAGEA | CAJA X 100. PFIZER;SIROLIMUS;45;20;70;;0
RELAXKOV 4mg TABLETA | CAJA X 20. BLASKOV;TIZANIDINA;821;674;968;;37946
RELESTAT 0.5mg/mL SOLUCION OFTALMICAS | FRASCO X 5mL. ALLERGAN;EPINASTINA CLORHIDRATO;2;1;3;;36
REMINYL ER 8MG TABLETA | CAJA X 7. JANSSEN;GALANTAMINA;60;146;0;;140
RHIFISOL SSN 0.9% SOLUCION NASAL | FRASCO X 30ML. GERCO;SUERO FISIOLOGICO;151;404;0;;2366
RIFAMPICINA 300MG CAPSULA | CAJA X 20. PROCAPS;RIFAMPICINA;5;0;10;;110
RIFAMPICINA 300mg CAPSULA | CAJA X 20. TECNOQUIMICAS;RIFAMPICINA;140;400;0;;9820
RILUTEK 50MG TABLETA | CAJA X 56. SANOFI-AVENTIS;RILUZOLE;56;0;112;;1008
RISPERDAL CONSTA 25MG SOLUCION INYECTABLE | CAJA X 1. JANSSEN;RISPERIDONA;3;3;3;;0
RISPERIMED  3MG TABLETA | CAJA X 20. VITALCHEM;RISPERIDONA;510;585;435;;29748
RITONAX 100MG TABLETA | CAJA X 30. BIOTOSCANA;RITONAVIR;300;0;600;;1230
RITONAX 100MG TABLETA O CAPSULA | FRASCO X 60. BIOTOSCANA;RITONAVIR;165;810;0;;150
ROSULFANT 500mg TABLETA | CAJA X 10. ROPSOHN;SULFASALAZINA;1335;2250;420;;134640
ROSUVAX 20MG TABLETA | CAJA X 30. GARMISCH;ROSUVASTATINA;15;0;30;;36220
ROSUVINA 20 MG TABLETA | CAJA X 28. LEGRAND;ROSUVASTATINA;45;174;0;;60748
ROXICAINA 2% GEL O JALEA | TUBO X 30mL. ROPSOHN;LIDOCAINA SIMPLE;27;79;0;;1483
ROXICAINA SIMPLE 1% AMPOULEPACK X 10mL SOLUCION INYECTABLE | CAJA X 24. ROPSOHN;LIDOCAINA SIMPLE;8;24;0;;1374
ROXICAINA SIMPLE S/P 2% AMPOULEPACK X 10mL SOLUCION INYECTABLE | CAJA X 24. ROPSOHN;LIDOCAINA SIMPLE;1;10;0;;134
SABRIL 500MG TABLETA | CAJA X 60. SANOFI-AVENTIS;VIGABATRIN;90;150;30;;1860
SALBUTAMOL  2MG/5ML JARABE | FRASCO X 120ML. LAPROFF;SALBUTAMOL (SULFATO);1;2;0;;323
SALES DE REHIDRATACION ORAL 28 GR SOBRE | CAJA X 30. JQ LABORATORIOS;SALES DE REHIDRATACION ORAL;107;285;0;;89528
SALOFALK 1G POLVO PARA DISOLVER | CAJA X 20. BIOTOSCANA;MESALAZINA;20;160;0;;1300
SALOFALK 4g/60mL ENEMA | CAJA X 7. BIOTOSCANA;MESALAZINA;7;14;0;;370
SALOFALK 500MG SUPOSITORIO | CAJA X 10. BIOTOSCANA;MESALAZINA;30;50;10;;1390
SANDIMMUN NEORAL 100MG CÁPSULA | CAJA X 50. NOVARTIS;CICLOSPORINA;60;120;0;;400
SANDIMMUN NEORAL 25MG CÁPSULA | CAJA X 50. NOVARTIS;CICLOSPORINA;450;525;375;;2395
SANDIMMUN NEORAL 50MG CÁPSULA | CAJA X 50. NOVARTIS;CICLOSPORINA;210;162;258;;2000
SATOREN 100MG TABLETA O GRAGEA | CAJA X 105. BUSSIE;LOSARTAN POTASICO;135;260;10;;419205
SEAMIB 500MG SUSPENSION ORAL | FRASCO X 15ML. BIOQUIFAR;SECNIDAZOL;0;3;0;;2
SECNIDAZOL 500mg TABLETA | CAJA X 4. GEN-FAR S.A;SECNIDAZOL;423;592;254;;10897
SEROQUEL 100 MG 100mg TABLETA CON RECUBIER | CAJA X 30. ASTRA ZENECA;QUETIAPINA;30;30;30;;960
SERTRALINA 100 MG TABLETA | CAJA X 10. GEN-FAR S.A;SERTRALINA;135;260;10;;26340
SERTRALINA 50mg TABLETA | CAJA X 10. GEN-FAR S.A;SERTRALINA;3578;7200;0;;329315
SICCAFLUID  2.5 MG/G UNGUENTO OFTALMICO | FRASCO X 10 GR. QUIDECA;CARBOMERO 974 P;2;2;2;;25
SILDENAFIL 50mg TABLETA | CAJA X 4. GEN-FAR S.A;SILDENAFIL;248;348;148;;7636
SIMPAUSE 100MG CAPSULA | CAJA X 30. CHALVER;ISOFLAVONAS;15;0;30;;120
SINOVUL 150MCG+30MCG TABLETA | CAJA X 1050. LAFRANCOL;LEVONORGESTREL + ETINILESTRADIOL;504;798;210;;77553
SOMESE 0.25MG TABLETA | CAJA X 30. PFIZER;TRIAZOLAM;90;120;60;;1740
SONDA FOLLEY 12 X 5 2 VIAS  CX10 1 UNIDAD | . X 1. ETERNA;SONDAS QUIRURGICAS;1;4;0;;0
SONDA FOLLEY 18 X 5  2 VIAS 1 UNIDAD | CAJA X 10. CARDIOMED;SONDAS QUIRURGICAS;1;3;0;;718
SONDA NELATON # 06  1169CX50 1 UNIDAD | CAJA X 1. LABORATORIO SHERLEG S.A;SONDAS QUIRURGICAS;0;3;0;;1836
SONDA NELATON # 10 REF:1171 1 UNIDAD | CAJA X 1. LABORATORIO SHERLEG S.A;SONDAS QUIRURGICAS;205;250;160;;621
SONDA NELATON # 12 REF:1172 1 UNIDAD | CAJA X 1. LABORATORIO SHERLEG S.A;SONDAS QUIRURGICAS;17;50;0;;1781
SONDA NELATON # 14 REF: 1173 1 UNIDAD | CAJA X 1. LABORATORIO SHERLEG S.A;SONDAS QUIRURGICAS;563;480;646;;558
SONDA NELATON # 16 REF: 1174 1 UNIDAD | CAJA X 1. LABORATORIO SHERLEG S.A;SONDAS QUIRURGICAS;1;9;0;;3001
SONDA SUCCION #10 REF 1131 1 UNIDAD | CAJA X 50. LABORATORIO SHERLEG S.A;SONDAS QUIRURGICAS;0;200;0;;1616
SONDA SUCCION # 12 REF: 1132 SHERLEG 1 UNIDAD | CAJA X 1. COVIDIEN COLOMBIA S.A;SONDAS QUIRURGICAS;5;130;0;;1848
SONDA SUCCION # 14 KYOLING 1 UNIDAD | CAJA X 50. HL SUMINISTROS Y EQUIPOS MEDIC;SONDAS QUIRURGICAS;8;14;2;;6
SONDA SUCCION # 14 REF 1133 . UNIDAD | BOLSA X 50 UNDS. LABORATORIO SHERLEG S.A;SONDAS QUIRURGICAS;153;10;296;;2625
SPABOLAZ 4G POLVO PARA DISOLVER | CAJA X 50. BIOQUIFAR;PSYLLIUM MUSCILAGO;450;0;900;;125
STALEVO 150/37.5/200MG TABLETA | FRASCO X 30. NOVARTIS;ENTACAPONA/LEVODOPA /CARBIDOPA MONOHIDRATADA;480;510;450;;2700
STALEVO 200/50/200MG TABLETA | FRASCO X 30. NOVARTIS;ENTACAPONA/LEVODOPA /CARBIDOPA MONOHIDRATADA;60;120;0;;4770
STALEVO 50/12.5/200MG TABLETA | CAJA X 30. NOVARTIS;ENTACAPONA/LEVODOPA /CARBIDOPA MONOHIDRATADA;90;180;0;;2730
STAMYL . TABLETA | CAJA X 20. FARMA;PANCREATINA+SIMETICONA;4125;5916;2334;;2250
STOCRIN 600MG TABLETA O GRAGEA | FRASCO X 30. MERCK SHARP DOMME;EFAVIRENZ;30;60;0;;30
STOMAHESIVE PASTA REF:183910 1 UNIDAD | . X 1. BRISTOL MYERS SQUIBB;CURACIONES QUIRURGICAS;4;1;7;;2
STOMAHESIVE POLVO REF:25510 1 UNIDAD | . X 1. BRISTOL MYERS SQUIBB;CURACIONES QUIRURGICAS;1;2;0;;50
SUERO FISIOLOGICO 9% 09% SOLUCION INYECTABLE | BOLSA X 250 ML. QUIBI S.A.;CLORURO DE SODIO;1;9;0;;1259
SULFACETAMIDA 10% SOLUCION OFTALMICAS | FRASCO X 15mL. LABINCO;SULFACETAMIDA;3;5;1;;329
SULFATO FERROSO 125mg/mL SOLUCION ORAL | FRASCO X 20mL. LAPROFF;SULFATO FERROSO;5;10;0;;1739
SULFATO FERROSO 200mg TABLETA | CAJA X 300. LAPROFF;SULFATO FERROSO;255;430;80;;31460
SULFATO FERROSO 300mg TABLETA | CAJA X 300. LAPROFF;SULFATO FERROSO;1500;2750;250;;176936
SULFATO FERROSO 600mg/15mL JARABE | FRASCO X 120mL. LAPROFF;SULFATO FERROSO;8;21;0;;819
SULIMAX 500mg TABLETA CON RECUBIER | CAJA X 30. GARMISCH;MESALAZINA;75;510;0;;20150
SULTAMICILINA 375mg TABLETA | CAJA X 10. LA SANTE;AMPICILINA+SULBACTAM;250;1061;0;;19066
SULZINC 2MG/Ml JARABE | FRASCO X 80ml. HUMAX;SULFATO DE ZINC;0;5;0;;293
SYREA 500mg CÁPSULA | CAJA X 100. ALPHARMA;HIDROXIUREA;699;926;472;;12360
SYSTANE (4mg+3mg)/mL SOLUCION OFTALMICAS | FRASCO X 15mL. ALCON;POLIETILENGLICOL+PROPILENGLICOL;1;3;0;;837
SYSTANE ULTRA (4+3)mg/mL SOLUCION OFTALMICAS | FRASCO X 10mL. ALCON;POLIETILENGLICOL+PROPILENGLICOL;1;2;0;;55
TACROLIMUS 1MG CAPSULA | CAJA X 50. NOVARTIS;TACROLIMUS;75;50;100;;1810
TALOPRAM  10MG TABLETA CON RECUBIER | CAJA X 30. GARMISCH;OXALATO DE ESCITALOPRAM;915;1350;480;;38940
TAMSULOSINA  0.4MG CAPSULA DE LIBERACION PROGRAMADA | CAJA X 30. WINTHROOP;TAMSULOSINA;5425;8815;2035;;192330
TAXUS 20MG TABLETA | CAJA X 100. TECNOFARMA;TAMOXIFENO (CITRATO);1125;1970;280;;26830
TAZEPIN 30mg TABLETA | CAJA X 20. GARMISCH;MIRTAZAPINA;473;710;236;;13813
TEARS NATURAL FREE 0.8mL SOLUCION OFTALMICAS | CAJA X 32. ALCON;HIDROXIPROPIL METIL CELULOSA-DEXTRANO 70;1;3;0;;19
TEGRETOL RT 200MG TABLETA DE LIBERACION PROGRAMADA | CAJA X 20. NOVARTIS;CARBAMAZEPINA;90;190;0;;3510
TEGRETOL RT 400MG TABLETA DE LIBERACION PROGRAMADA | CAJA X 20. NOVARTIS;CARBAMAZEPINA;375;670;80;;13500
TELZIR 700MG TABLETA | FRASCO X 60. GLAXO;FOSAMPRENAVIR;300;480;120;;960
TEOFILINA RETARD 125mg TABLETA O CAPSULA | CAJA X 30. GEN-FAR S.A;TEOFILINA;390;850;0;;64790
TEOFILINA RETARD 300mg TABLETA O CAPSULA | CAJA X 100. EXPOFARMA;TEOFILINA;55;280;0;;22741
TERAZOSINA 5mg TABLETA | CAJA X 14. WINTHROOP;TERAZOSINA;4663;8035;1291;;115876
TERBINAFINA 250MG TABLETA | CAJA X 14. GEN-FAR S.A;TERBINAFINA;352;473;231;;9749
TEROMAR ROTACAPS (REVOLIZER) CAPSULAS X 30 X18mcg FRASCO | . X .. BIOTOSCANA;TIOTROPIO;7;16;0;;653
TESTOVIRON DEPOT 250MG SOLUCION INYECTABLE | CAJA X 1. BAYER;TESTOSTERONA ENANTATO;5;13;0;;171
TETMODISS 25MG TABLETA | FRASCO X 112. FARMA TRADE S.A.S;TETRABENAZINA;112;224;0;;0
TETRACICLINA 500MG CAPSULA | CAJA X 100. GEN-FAR S.A;TETRACICLINA CLORHIDRATO;0;30;0;;6469
THIOCTACID HR 600MG TABLETA CON RECUBIER | FRASCO X 30. MERCK;ACIDO TIOCTICO;30;120;0;;7500
TIAMAX  100MG TABLETA | CAJA X 30. GARMISCH;QUETIAPINA;488;730;246;;34964
TIAMAX 200MG TABLETA | CAJA X 30. GARMISCH;QUETIAPINA;720;1040;400;;32550
TIAMAX 25mg TABLETA | CAJA X 30. GARMISCH;QUETIAPINA;1196;2384;8;;59460
TIAMINA 100mg/mL SOLUCION INYECTABLE | CAJA X 12. ECAR;TIAMINA;0;1;0;;3153
TIAMINA 300MG TABLETA O CAPSULA | CAJA X 500. ECAR;TIAMINA;2020;4205;0;;172
TIMALAR NASAL 100MCG AEROSOL | FRASCO X 200DOSIS. GRUFARMA;BUDESONIDA;2;3;1;;0
TINIDAZOL 200MG/ML SUSPENSION ORAL | FRASCO X 15ML. COASPHARMA;TINIDAZOL;7;12;2;;294
TINIDAZOL 500mg TABLETA | CAJA X 640. ECAR;TINIDAZOL;797;1553;41;;17120
TIRAS DE GLUCOMETRIA ACCUCHEK ACTIVE 1 UNIDAD | CAJA X 50. PRODUCTOS ROCHE S.A;TIRAS REACTIVAS;3;6;0;;1
TIRAS DE GLUCOMETRIA ON CALL ADVANCED 1 UNIDAD | CAJA X 50. DUMIAN MEDICAL S.A.S;TIRAS REACTIVAS;1;4;0;;4
TOBRAMICINA 0.3% SOLUCION OFTALMICAS | FRASCO X 5 ML. TECNOQUIMICAS;TOBRAMICINA;2;6;0;;360
TOBRAVISION 3% SOLUCION OFTALMICAS | FRASCO X 5ML. VITALIS;TOBRAMICINA;1;3;0;;2
TOLAK E 300mg+200mg TABLETA | CAJA X 30. LEGRAND;EMTRICITABINA+TENOFOVIR DISOPR;210;540;0;;8700
TOPAMAC 100mg TABLETA | FRASCO X 28. JANSSEN;TOPIRAMATO;150;104;196;;196
TOPIRAMATO 100MG TABLETA | CAJA X 20. NOVARTIS;TOPIRAMATO;60;140;0;;120
TOPTEAR 0.4% SOLUCION OFTALMICAS | FRASCO X 10ML. SCANDINAVIA;HIALURONATO DE SODIO;43;54;32;;80
TOTAL COMFORT 5mg/mL SOLUCION OFTALMICAS | FRASCO X 15mL. WASSER;POLIVINILPIRROLIDONA;0;131;0;;3853
TOXOIDE TETANICO 0.5ML SOLUCION INYECTABLE | CAJA X 10. DELTA;TOXOIDE TETANICO;1;8;0;;2081
TRACTAL 1MG/ML GOTAS ORALES | FRASCO X 20 ML. SCANDINAVIA;RISPERIDONA;2;12;0;;199
TRAMADOL  100MG/2ML SOLUCION INYECTABLE | CAJA X 10. PROCAPS;TRAMADOL CLORHIDRATO;1;4;0;;11280
TRAMADOL 10% SOLUCION ORAL | FRASCO X 10mL. EXPOFARMA;TRAMADOL CLORHIDRATO;73;160;0;;9836
TRAMADOL 50mg CAPSULA | CAJA X 10. GEN-FAR S.A;TRAMADOL CLORHIDRATO;150;219;81;;22101
TRAMADOL 50mg/mL  SOLUCION INYECTABLE | CAJA X 1. GEN-FAR S.A;TRAMADOL CLORHIDRATO;1;2;0;;61
TRANEXAM 500mg TABLETA | CAJA X 10. ROPSOHN;TRANEXAMICO ACIDO;263;480;46;;14663
TRANSTEC 35MCG / H SISTEMA TRANSDERMICO | CAJA X 5. GRUNENTHAL;CLORHIDRATO DE BUPRENORFINA;11;5;17;;0
TRAVAD ENEMA RECTAL FOSF.RD0001 133ML RECTAL | CAJA X 60. BAXTER;FOSFATO DE SODIO DIBASICO+MONO;2;5;0;;99
TRAVAD PEG  160G POLVO PARA DISOLVER | FRASCO X . BAXTER;POLIETILENGLICOL;14;24;4;;673
TRAZODONA 50mg TABLETA | CAJA X 50. GEN-FAR S.A;TRAZODONA CLORHIDRATO;3984;6842;1126;;161500
TRESILEN 0.10% CREMA | TUBO X 15g. BIOCHEM;DESONIDA;9;7;11;;1679
TRESILEN 0.5% CREMA | TUBO X 15G. BIOCHEM;DESONIDA;115;173;57;;4742
TRETINEX 20MG CAPSULA | CAJA X 30. GYNOPHARMA;ISOTRETINOINA;455;820;90;;8210
TRIAMCINOLONA A 10MG/ML X 5ML SOLUCION INYECTABLE | CAJA X 1. RYAN;TRIAMCINOLONA;13;35;0;;406
TRILEPTAL 6% SUSPENSION ORAL | FRASCO X 100ML. NOVARTIS;OXCARBAZEPINA;5;10;0;;135
TRIMEBUTINA 200MG TABLETA | CAJA X 300. LAPROFF;TRIMEBUTINA;4576;9508;0;;110100
TRIMEBUTINA 200mg TABLETA | CAJA X 30. GEN-FAR S.A;TRIMEBUTINA;6113;11114;1112;;10
TRIMETOPRIM SULFA 40/200MG SUSPENSION ORAL | FRASCO X 120ML. ECAR;TRIMETOPRIM + SULFAMETOXAZOL;3;2;4;;909
TRIMETOPRIM SULFA 80/400mg TABLETA | CAJA X 100. GEN-FAR S.A;TRIMETOPRIM + SULFAMETOXAZOL;60;210;0;;13042
TRIMETOPRIM SULFA F 160/800mg TABLETA | CAJA X 100. GEN-FAR S.A;TRIMETOPRIM + SULFAMETOXAZOL;458;730;186;;50228
TRIMETOPRIM SULFA F 80-400MG/5ML SUSPENSION ORAL | FRASCO X 120ML. GEN-FAR S.A;TRIMETOPRIM + SULFAMETOXAZOL;0;4;0;;222
TRIMICORT 0.05% LOCION | FRASCO X 60ML. PROFMA EU;CLOBETASOL;54;115;0;;4557
TRIVIRAL 300+150+300 TABLETA | CAJA X 30. LEGRAND;ABACAVIR+LAMIVUDINA+ZIDOVUDINA;120;300;0;;1380
TRUSOPT 2% SOLUCION OFTALMICAS | FRASCO X 5ML. FROSST O MSD;DORZOLAMIDA;1;1;1;;155
ULTEC PRO 10X10 REF: 9801 CX5 1 UNIDAD | . X 1. COVIDIEN COLOMBIA S.A;CURACIONES QUIRURGICAS;0;4;0;;493
ULTEC PRO 20X20 REF: 9804 CX5 1 UNIDAD | . X 1. COVIDIEN COLOMBIA S.A;CURACIONES QUIRURGICAS;2;7;0;;8
UREADERM LACTATO 5+8% LOCION | FRASCO X 225mL. SCANDINAVIA;UREA;6;6;6;;17
UROCIT K 1080 MG TABLETA DE LIBERACION PROGRAMADA | CAJA X 100. FARMA;POTASIO CITRATO;195;330;60;;4900
UROPRAN 5mg TABLETA | CAJA X 20. TECNOQUIMICAS;OXIBUTININO;2400;4035;765;;95050
UTROGESTAN 200mg CAPSULA | CAJA X 15. BIOPASS;PROGESTERONA;3;0;6;;15
VACUNA AGRIPPAL  S1 15MCG SOLUCION INYECTABLE | CAJA X 1. NOVARTIS;VACUNA+ANTIGRIPAL+VIRUS INACTIVA;0;3;0;;0
VACUNA FLUQUADRI 0.25MG SOLUCION INYECTABLE | CAJA X 1. SANOFI PASTEUR;VACUNA CUADRIVALENTE CONTRA EL;1;2;0;;0
VACUNA HEPAVAX GENE TF 20mcg SOLUCION INYECTABLE | CAJA X 1. BIOTOSCANA;VACUNA ANTIHEPATITIS;1;4;0;;24
VACUNA PNEUMOVAX 0.5ML SOLUCION INYECTABLE | CAJA X 1. MERCK SHARP DOMME;VACUNA+ANTINEUMOCOCCICA  POLIVAL;3;6;0;;0
VACUNA PREVENAR VALENTE CONJUGADA 13 X 5ML SOLUCION INYECTABLE | CAJA X 1. PFIZER;VACUNA CONTRA NEUMOCOCO;0;2;0;;0
VACUNA VARISELA BIKEN 1400 PFU SOLUCION INYECTABLE | CAJA X 1. SANOFI PASTEUR;VACUNA+ANTIVARICELA VIRUS VIVO A;0;1;0;;0
VACUNA VIRUS PAPILOMA GARDASIL 20MCG SOLUCION INYECTABLE | CAJA X 0.5 ML. VARIOS E IMPORTADOS;VACUNA+LISADOS BACTERIANOS;1;1;1;;0
VALCOX 10MG TABLETA | CAJA X 30. GARMISCH;MEMANTINE;2565;4455;675;;56380
VALSARTAN 160 MG TABLETA | CAJA X 14. LA SANTE;VALSARTAN;367;1069;0;;94340
VALSARTAN 80mg TABLETA | CAJA X 14. GEN-FAR S.A;VALSARTAN;235;406;64;;5981
VAXDIL 10MG TABLETA O GRAGEA | CAJA X 30. LICOL;MINOXIDIL;30;150;0;;19940
VENDA ELASTICA 5X5      BOLSA X 50 1 UNIDAD | . X 1. LAOREN INTERNATIONAL S.A;VENDAS QUIRURGICAS;0;12;0;;0
VENDA ELASTICA 6X5 COLOR PIEL 1 UNIDAD | CAJA X 1. SUPERTEX;VENDAS QUIRURGICAS;15;2;28;;1053
VENDEP XR 75MG CAPSULA | CAJA X 10. VITALCHEM;VENLAFAXINA;30;60;0;;4430
VENLAFAXINA 75MG CAPSULA | CAJA X 10. LA SANTE;VENLAFAXINA;540;875;205;;28830
VENOSMIL 200MG CAPSULA | CAJA X 60. FAES FARMA;HIDROSMINA;60;60;60;;0
VERAPAMILO 120 MG TABLETA | CAJA X 300. GEN-FAR S.A;VERAPAMILO CLORHIDRATO;60;435;0;;168520
VERAPAMILO 80MG TABLETA | CAJA X 300. GEN-FAR S.A;VERAPAMILO CLORHIDRATO;45;110;0;;355900
VERAPAMILO RETARD 240MG TABLETA | CAJA X 10. GEN-FAR S.A;VERAPAMILO CLORHIDRATO;0;60;0;;28810
VERSATIS 5% PARCHE .70G PARCHES | CAJA X 5. GRUNENTHAL;LIDOCAINA SIMPLE;45;165;0;;130
VERTIX 8MG TABLETA | CAJA X 50. LAFRANCOL;BETAHISTINA;1107;2118;96;;0
VIBRADOX 100mg TABLETA | CAJA X 250. BIOQUIFAR;DOXICICLINA;494;42;946;;60
VIMPAT 50mg TABLETA | CAJA X 14. BIOPASS;LACOSAMIDA;84;140;28;;1386
VIMPAT 50MG TABLETA | CAJA X 28. BIOPASS;LACOSAMIDA;0;56;0;;1736
VITAMINA B12 1MG/1ML SOLUCION INYECTABLE | CAJA X 25. ECAR;VITAMINA B12;8;9;7;;12282
VITAMINA C  500MG TABLETA | CAJA X 250. ECAR;ACIDO ASCORBICO;75;175;0;;645548
VOLIBRIS 5MG TABLETA | FRASCO X 30. GLAXO;AMBRISENTAN;45;30;60;;0
WARFARINA 5MG TABLETA | CAJA X 250. EUROPACK;WARFARINA SODICA;240;545;0;;23344
WASSERFRIN 0.025% SOLUCION NASAL | FRASCO X 15ml. WASSER;OXIMETAZOLINA;7;18;0;;4762
WASSERFRIN 0.05% SOLUCION NASAL | FRASCO X 15mL. WASSER;OXIMETAZOLINA;5;9;1;;1352
WASSERTIM 0.5% SOLUCION OFTALMICAS | FRASCO X  5 ML. TECNOQUIMICAS;TIMOLOL MALEATO;56;103;9;;4461
WASSERTROL 0.1%/0.35%6000UI SOLUCION OFTALMICAS | FRASCO X 5mL. TECNOQUIMICAS;POLIMIXINA B+NEOMICINA+DEXAMETASONA;28;82;0;;8619
WASSERTROL . UNGUENTO OFTALMICO | TUBO X 5g. TECNOQUIMICAS;POLIMIXINA B+NEOMICINA+DEXAMETASONA;1;5;0;;1029
WASSERVOLT 0.1% SOLUCION OFTALMICAS | FRASCO X 5ML. WASSER;DICLOFENACO;3;8;0;;300
XALATAN 0.005% SOLUCION OFTALMICAS | FRASCO X 2.5ML. PFIZER;LATANOPROST;1;2;0;;92
XARELTO 15MG TABLETA CON RECUBIER | CAJA X 28. BAYER;RIVAROXABAN;56;84;28;;5153
XARELTO 20MG TABLETA CON RECUBIER | CAJA X 28. BAYER;RIVAROXABAN;309;363;255;;4340
XEGRES 5ML SOLUCION OFTALMICAS | FRASCO X 1. SCANDINAVIA;TIMOLOL+DORZOLAIDA+BRIMONIDINA;2;6;0;;41
XILBAC 250MG/5ML SUSPENSION ORAL | FRASCO X 100ML. GEN-FAR S.A;AMPICILINA+SULBACTAM;1;2;0;;104
YODOPOVIDONA 10% SOLUCION TOPICA | FRASCO X 120ML. GEN-FAR S.A;YODOPOVIDONA;1;8;0;;1010
YODOPOVIDONA  10% SOLUCION TOPICA | FRASCO X 120ML. LAPROFF;YODOPOVIDONA;2;0;4;;4
YODOPOVIDONA BUCOFARINGEO 10% .08G SOLUCION ORAL | FRASCO X 120ML. GEN-FAR S.A;YODOPOVIDONA;2;1;3;;17
YODOPOVIDONA ESPUMA 8% SOLUCION TOPICA | FRASCO X 120ML. GEN-FAR S.A;YODOPOVIDONA;1;3;0;;862
ZETIA 10MG TABLETA | CAJA X 21. FROSST O MSD;EZETIMIBA;98;182;14;;4270
ZIDOVUDINA  10MG/ML SOLUCION ORAL | FRASCO X 240ML. HUMAX;ZIDOVUDINA;0;2;0;;116
ZINTERGIA 100MG CAPSULA | CAJA X 300. NOVAMED;AMANTADINA;2870;4830;910;;2950
ZINTREPID 10/40MG TABLETA | CAJA X 14. SCHERING PLOUGHT;SIMVASTATINA+EZETIMBA;28;28;28;;224
ZOLOF 50MG TABLETA | CAJA X 10. PFIZER;SERTRALINA;0;60;0;;0
ZOLOF 50MG TABLETA | CAJA X 20. PFIZER;SERTRALINA;60;20;100;;1970
ZOLPIDEM 10mg TABLETA | CAJA X 10. GEN-FAR S.A;ZOLPIDEM;2505;4528;482;;156480
ZOPICLONA 7,5MG TABLETA CON RECUBIER | CAJA X 10. GEN-FAR S.A;ZOPICLONA;130;190;70;;5620
ZURCAL 40mg TABLETA RECUBIERTA | CAJA X 28. TAKEDA;PANTOPRAZOL;30;24;36;;0
ZYMAXID 5% X 5ML SOLUCION OFTALMICAS | FRASCO X 1. ALLERGAN;GATIFLOXACINA;1;2;0;;2
AVODART 0.5MG TABLETA | CAJA X 30. GLAXO;DUTASTERIDA;15;0;30;;390
BETAMETASONA 4MG/1ML SOLUCION INYECTABLE | CAJA X 10. VITALIS;BETAMETASONA;1;0;2;;6289
BOTON GASTROSTOMIA # 14 X 2.5 MICKEY  T. 1 UNIDAD | . X 1. MINERVA MEDICAL S A S;TERAPIA RESPIRATORIA;1;0;2;;0
CLENOX 20MG/0.2ML SOLUCION INYECTABLE | CAJA X 1. PROCAPS;ENOXAPARINA;5;0;10;;216
CLENOX 40MG/0.4ML SOLUCION INYECTABLE | CAJA X 1. PROCAPS;ENOXAPARINA;2;0;4;;7152
CURAM 875/125MG TABLETA | CAJA X 14. NOVARTIS;AMOXICILINA+ACIDO CLAVULANICO;7;0;14;;826
DESLORATADINA 0.05% SUSPENSION ORAL | FRASCO X 60ml. GEN-FAR S.A;DESLORATADINA;1;0;2;;9825
DUMISURE NINOS 400G POLVO PARA DISOLVER | CAJA X 24. DUMIAN;COMPLEMENTO NUTRICIONAL;6;0;12;;2
ENSOY PROTEINA 275G POLVO PARA DISOLVER | CAJA X 24. LAFRANCOL;COMPLEMENTO NUTRICIONAL;2;0;4;;4
ENSURE PLUS HN 1.5CAL/ML 1.000mL SUSPENSION ORAL | CAJA X 8. ABBOTT;NUTRICION ENTERAL;30;0;60;;109
GENTEAL GOTAS 3mg/mL SOLUCION OFTALMICAS | FRASCO X 10mL. ALCON;HIDROXIPROPIL METIL CELULOSA;1;0;2;;13
GLIBENCLAMIDA 5MG TABLETA | CAJA X 30. COASPHARMA;GLIBENCLAMIDA;60;0;120;;62545
KLEAN PREP 3350 POLVO PARA DISOLVER | CAJA X 4. BIOTOSCANA;POLIETILENGLICOL;2;0;4;;662
KRYTANTEK 2-2-5% SOLUCION OFTALMICAS | FRASCO X 5ML. SOPHIA;TIMOLOL+DORZOLAIDA+BRIMONIDINA;1;0;2;;12
MEBICITROF  250MG/5ML SUSPENSION ORAL | FRASCO X 120ML. BIOQUIFAR;METRONIDAZOL;1;0;2;;3
MICROPORE COLOR PIEL CUREBAND 1 PULG ROLLO | CAJA X 12. TECNOQUIMICAS S.A;CURACIONES QUIRURGICAS;2;0;4;;783
MIRAPEX ER 1.5MG TABLETA DE LIBERACION PROGRAMADA | CAJA X 10. BOEHRINGER;PRAMIPEXOL;15;0;30;;0
N-BUTIL BROMURO HIOSCINA+DIPIRONA (20+2500)mg/5mL SOLUCION INYECTABLE | CAJA X 1. PROCAPS;HIOSCINA BUTIL BROMURO+DIPIRONA;2;0;4;;0
NEOCRIN ANTI C. GRASO 250 CHAMPU | TARRO X 1. VARIOS E IMPORTADOS;AGUA PURIFICADA+BORATO DE SODIO+CARBOMER+METILPARABENO;1;0;2;;0
NULYTELY 3350 POLVO PARA DISOLVER | CAJA X 10. TECNOFARMA;POLIETILENGLICOL;5;0;10;;2
NUTREN 1.0 400g POLVO PARA RECONSTRUIR | CAJA X 24. BAXTER;COMPLEMENTO NUTRICIONAL;12;0;24;;46
PEGRA 500 TABLETA RECUBIERTA 500 MG TABLETA | CAJA X 30. VITALCHEM;LEVETIRACETAM;15;0;30;;300
RISEDRONATO 35MG TABLETA | CAJA X 4. TECNOQUIMICAS;RISEDRONATO;2;0;4;;28
RITALINA 10MG TABLETA | CAJA X 30. MINSALUD;METILFENIDATO;45;0;90;;30
