;FACTURA TEMPORAL DE FORMULACION;;
;PLAN : REGION V MAGISTERIO
;CLIENTE : NIT - 860525148: FIDUCIARIA LA PREVISORA S.A
;LAPSO :201107
;Fecha Exp. 2011-11-21

CODIGO;PRODUCTO;CANTIDAD;TOTAL;
'130A0370296;ABAMMUNE 300MG TABLETA | FRASCO X 60. BIOTOSCANA;1.020;26.819,03;
'1161R0044009;ACEITE DE RICINO . JARABE | FRASCO X 30ML. VARIOS E IMPORTADOS;3;1.855,50;
'198A0010045;ACETAMINOFEN 0 JARABE | FRASCO X 60ML. LAFRANCOL;32;14.882,17;
'168A0010028;ACETAMINOFEN 500MG TABLETA | CAJA X 100. GEN-FAR S.A;230;69,45;
'198A0010042;ACETAMINOFEN 500MG TABLETA | CAJA X 100. LAFRANCOL;27.220;8.624,00;
'142A0012482;ACETAMINOFEN+HIOSCINA 500+10MH TABLETA | CAJA X 20. COASPHARMA;141;581,00;
'1104A0160173;ACETATO DE ALUMINIO 4.5 LOCION | FRASCO X 120ML. LICOL;107;85.017,86;
'1168A0160174;ACETATO DE ALUMINIO Ph4.2 2+2G POLVO O GRANULOS | CAJA X 25. WINTHROOP;252;2.259,98;
'168A0060097;ACICLOVIR 200MG TABLETA | CAJA X 25. GEN-FAR S.A;365;331,74;
'142A0060095;ACICLOVIR 5% UNGUENTO | TUBO X 15GR. COASPHARMA;10;6.715,36;
'168A0060100;ACICLOVIR 5% UNGUENTO | TUBO X 15GR. GEN-FAR S.A;13;10.415,47;
'1168A0030067;ACIDO ACETILSALICILICO 100mg TABLETA | CAJA X 900. WINTHROOP;29.505;9.850,00;
'150F0142035;ACIDO FOLICO 1MG TABLETA | CAJA X 250. ECAR;4.860;1.281,54;
'168A336930668;ACIDO FUSIDICO 2% CREMA | TUBO X 15GR. GEN-FAR S.A;53;63.436,95;
'1129T0794543;ACIDO RETINOICO 0,05 % CREMA | POTE X 30GR. QUIFARMA;85;126.141,90;
'1129T0794542;ACIDO RETINOICO 5% LOCION | FRASCO X 60ML. QUIFARMA;9;14.965,92;
'2142D001640611;ACIDO TRICLOROACETICO 85% 20ML 1 UNIDAD | . X 1. DROGUERIA SAN JORGE;1;25.515,00;
'1145A1600637;ACRYLARM 0,25 % UNGUENTO OFTALMICO | TUBO X 10GR. SCANDINAVIA;12;93.196,50;
'120N0063414;ADALAT OROS 30MG TABLETA | CAJA X 16. BAYER;64;9.680,00;
'1125C0841190;ALACTIN 0.5MG TABLETA | FRASCO X 8. PROCAPS;90;64.000,00;
'198A0080132;ALBENDAZOL 100 mg/5ml SUSPENSION ORAL | FRASCO X 20ML. LAFRANCOL;111;21.206,50;
'198A0080131;ALBENDAZOL 200MG TABLETA | CAJA X 100. LAFRANCOL;697;10.582,12;
'168A1670649;ALENDRONATO 70MG TABLETA | CAJA X 4. GEN-FAR S.A;1.180;33.916,71;
'1108A0110146;ALFAMETILDOPA 250MG TABLETA | CAJA X 30. MEMPHIS;60;60,00;
'2142D001640617;ALMIPRO CREMA 500ML 1 UNIDAD | . X 1. DROGUERIA SAN JORGE;3;57.360,00;
'198A0130150;ALOPURINOL 100MG TABLETA | CAJA X 100. LAFRANCOL;990;956,03;
'1108A0130153;ALOPURINOL 300MG TABLETA | CAJA X 30. MEMPHIS;810;1.679,13;
'16B0440810;ALPHAGAN 0.02% SOLUCION OFTALMICAS | FRASCO X 5ML. ALLERGAN;18;558.227,64;
'16B0440811;ALPHAGAN-P 0.15% SOLUCION OFTALMICAS | FRASCO X 5ML. ALLERGAN;1;34.411,14;
'154A0140161;ALPRAZOLAM 0,5MG TABLETA | CAJA X 30. EXPOFARMA;690;315,14;
'1138S0144146;ALSUCRAL 1GR TABLETA | CAJA X 20. ROPSOHN;3.100;2.712,56;
'173C1171293;ALVESCO 80MG AEROSOL | FRASCO X 5ML. GRUNENTHAL;1;82.423,88;
'199A1150535;AMBROXOL 15MG/5ML JARABE | FRASCO X 120ML. LAPROFF;1;822,80;
'199A1150536;AMBROXOL 30MG / 5ML JARABE | FRASCO X 120ML. LAPROFF;1;912,68;
'199A1150537;AMBROXOL JBE 600 MG F X 120 MLLA PROFF 600 MG JARABE | FRASCO X 120 ML. LAPROFF;4;3.667,00;
'198A0400316;AMDIPIN 10MG TABLETA | CAJA X 10. LAFRANCOL;40;19.084,95;
'142A0200192;AMIKACINA 500MG/2ML SOLUCION INYECTABLE | CAJA X 1. COASPHARMA;2;635,41;
'145A0200193;AMIKACINA 500MG/2ML SOLUCION INYECTABLE | CAJA X 1. CORPAUL;39;2.100,60;
'192A0230211;AMIODARONA 200MG TABLETA | CAJA X 10. LA SANTE;440;1.078,95;
'12A0240218;AMITRIPTILINA 25MG TABLETA | CAJA X 100. ABL PHARMA;2.400;981,40;
'199A0240220;AMITRIPTILINA CX300 TABLETA | CAJA X 300. LAPROFF;955;637,30;
'168A0400313;AMLODIPINO 10MG TABLETA | CAJA X 10. GEN-FAR S.A;1.470;640,80;
'199A0400317;AMLODIPINO 5MG TABLETA | CAJA X 300. LAPROFF;12.120;2.532,32;
'168A0250228;AMOXICILINA 500MG TABLETA | CAJA X 50. GEN-FAR S.A;2.323;6.526,02;
'192A0270258;AMPICILINA 500MG TABLETA | CAJA X 100. LA SANTE;100;305,27;
'1116C1391380;ANAFRANIL 25MG TABLETA | CAJA X 40. NOVARTIS;260;2.403,00;
'1116C1391381;ANAFRANIL SR 75MG TABLETA | CAJA X 10. NOVARTIS;300;16.629,27;
'1144I0552616;APIDRA 100 UI SOLUCION INYECTABLE | FRASCO X 10 ML. SANOFI-AVENTIS;1;37.551,92;
'2203M001611949;APLICADORES CON ALGODON PTE X 100 1 UNIDAD | . X 1. DUMIAN MEDICAL S.A.S;2;1.250,42;
'1115A1710007;APRIX F 500-30MG TABLETA | CAJA X 300. NOVAMED;7.540;21.118,86;
'1144I0662637;APROVEL 300MG TABLETA | CAJA X 14. SANOFI-AVENTIS;28;6.710,51;
'235C002660502;AQUACEL APOSITO 10X10 REF:    177902 1 UNIDAD | . X 1. BRISTOL MYERS SQUIBB;1;22.472,42;
'235C002660510;AQUACEL APOSITO 15X15 AG REF: 403710 CX5 1 UNIDAD | . X 1. BRISTOL MYERS SQUIBB;2;104.371,22;
'1125V0504756;AQUASOL E 400UI TABLETA | CAJA X 30. PROCAPS;1.170;2.986,80;
'1121E0581899;AROMASIN 25MG TABLETA | CAJA X 30. PFIZER;90;57.095,46;
'140I0172559;ASPROMIO 200 DOSIS 20 MCG AEROSOL | AEROSOL X 10ML. CHALVER;44;180.000,00;
'130S0014100;ASTALIN 100MCG AEROSOL | FRASCO X 200DOSIS. BIOTOSCANA;115;386.786,40;
'180A0380001;ATAZANAVIR 200MG CAPSULAS | CAJA X 60. HUMAX;180;27.900,00;
'1168A0960015;ATENOLOL  100 MG TABLETA | CAJA X 20. WINTHROOP;140;731,10;
'1171L0172829;ATIVAN 1MG TABLETA | CAJA X 30. WYETH INC;420;1.858,50;
'168A1340585;ATORVASTATINA 20MG TABLETA | CAJA X 10. GEN-FAR S.A;16.680;18.803,76;
'192A1340588;ATORVASTATINA 40MG TABLETA | CAJA X 10. LA SANTE;150;1.530,00;
'171F0472124;AVAMYS SPRAY 27.5 MCG AEROSOL | FRASCO X 120DOSIS. GLAXO;2;104.456,72;
'11I0592624;AVONEX 6000000 SOLUCION INYECTABLE | CAJA X 4. ABBOTT;12;1.996.490,04;
'18A0340291;AZATHIOPRINA 50MG TABLETA | CAJA X 100. ALPHARMA;360;5.200,00;
'168A1410626;AZITROMICINA 500MG TABLETA | CAJA X 3. GEN-FAR S.A;284;10.775,28;
'14B0460814;AZOPT 1% SOLUCION OFTALMICAS | FRASCO X 5ML. ALCON;1;55.235,52;
'150Y0014821;BACTRODERM BUCOFARINGEO 10 % SOLUCION ORAL | FRASCO X 120ML. ECAR;74;133.393,68;
'135E0301839;BARACLUDE 0.5MG TABLETA | CAJA X 30. BRISTOL;30;24.819,90;
'135E0301840;BARACLUDE 1MG TABLETA | CAJA X 30. BRISTOL;30;25.756,50;
'235B001460146;BARRERA DE COLOSTOMIA 45 MM REF:125144 CX5 1 UNIDAD | . X 1. BRISTOL MYERS SQUIBB;9;22.769,10;
'235B001460148;BARRERA DE COLOSTOMIA 57 MM REF:125145 CX5 1 UNIDAD | . X 1. BRISTOL MYERS SQUIBB;18;49.390,05;
'130B0020681;BECLOMAR  250MCG AEROSOL | FRASCO X 1. BIOTOSCANA;1;8.042,50;
'130B0020676;BECLOMAR 50MCG SPRAY NASAL | FRASCO X 200DOSIS. BIOTOSCANA;67;389.786,57;
'130B0020019;BECLOMAR BUCAL 50MCG AEROSOL | FRASCO X 200 DOSIS. BIOTOSCANA;59;335.831,60;
'155V0484750;BEDOYETA 100MG / 2ML SOLUCION INYECTABLE | CAJA X 3. FARMA;1;8.236,79;
'1158B0220758;BETAHISTINA 8MG TABLETA | CAJA X 20. TECNOQUIMICAS;950;3.856,73;
'114M0173091;BETALOC ZOK 100MG TABLETA | CAJA X 14. ASTRA ZENECA;84;9.931,16;
'198B0040695;BETAMETASONA 0.1% CREMA | TUBO X 20GR. LAFRANCOL;17;13.764,19;
'168B0040693;BETAMETASONA 0.1% CREMA | TUBO X 40GR. GEN-FAR S.A;4;3.907,26;
'168B0050699;BETAMETASONA 4MG/ML SOLUCION INYECTABLE | CAJA X 1. GEN-FAR S.A;29;3.309,40;
'168B0050700;BETAMETASONA 8MG/2ML SOLUCION INYECTABLE | CAJA X 1. GEN-FAR S.A;10;684,30;
'198B0240765;BETAMETASONA VALERATO 0.05% CREMA | TUBO X 20GR. LAFRANCOL;193;150.796,80;
'1145C1371373;BETAZOL 0.05% LOCION | FRASCO X 60ML. SCANDINAVIA;16;66.000,00;
'1138M0173097;BETOPROLOL 100MG TABLETA | CAJA X 30. ROPSOHN;2.820;917,77;
'1138M0173099;BETOPROLOL 50MG TABLETA | CAJA X 30. ROPSOHN;19.600;5.023,26;
'166M0113020;BIGUAX 500MG TABLETA | CAJA X 30. GARMISCH;30;80,00;
'130C0140947;BIOSPORIN 25MG CAPSULA | CAJA X 50. BIOTOSCANA;60;4.625,00;
'130C129A1340;BIOSPORIN 50MG CAPSULA | CAJA X 50. BIOTOSCANA;120;12.250,00;
'1158B0080721;BIPERIDINO 2MG TABLETA | CAJA X 100. TECNOQUIMICAS;1.795;3.289,00;
'180B0100726;BISACODILO 5MG TABLETA | CAJA X 100. HUMAX;958;2.134,13;
'131K0032724;BLASKET 0,0005 SOLUCION OFTALMICAS | FRASCO X 5ML. BLASKOV;68;190.800,69;
'1203G0390001;BLOQUEADOR PROTE SOLAR SPF 27 CREMA | FRASCO X 80GR. DUMIAN MEDICAL S.A.S;1;48.256,00;
'235B001450135;BOLSA DE COLOSTOMIA 57 MM REF: 402534 CX10 1 UNIDAD | . X 1. BRISTOL MYERS SQUIBB;18;37.631,04;
'235B001450141;BOLSA DE DRENAJE UROSTOMIA #45REF 402550 C X 10 1 UNIDAD | . X 1. BRISTOL MYERS SQUIBB;10;14.739,10;
'1145E0071745;BONAC 4% GEL O JALEA | TUBO X 30GR. SCANDINAVIA;7;19.202,96;
'2244T001633124;BOTON GASTROSTOMIA # 18 X 2.5 1 UNIDAD | . X 1. MINERVA MEDICAL S A S;1;844.425,00;
'1168B0470816;BROMAZEPAN 6MG TABLETA | CAJA X 10. WINTHROOP;330;633,84;
'1173B0120731;BROMOCRIPTINA 2.5MG TABLETA | CAJA X 30. GRUFARMA;810;2.670,88;
'1104C0851194;CALAMINA 0,08MG LOCION | FRASCO X 120ML. LICOL;15;15.123,22;
'1125C0030861;CALCITRIOL 0.25MG TABLETA | CAJA X 30. PROCAPS;2.430;7.232,96;
'1125C0030860;CALCITRIOL 0,50MG TABLETA | CAJA X 30. PROCAPS;1.590;9.540,00;
'2224T001633017;CANULA DE TRAQUEOSTOMIA # 7.0  PLASTICA 1 UNIDAD | . X 1. L M INTRUMENTS S.A.;1;32.002,75;
'198C0040872;CAPTOPRIL 25MG TABLETA | CAJA X 150. LAFRANCOL;120;23,76;
'199C0040873;CAPTOPRIL 25MG TABLETA | CAJA X 300. LAPROFF;390;73,15;
'198C0040870;CAPTOPRIL 50MG TABLETA | CAJA X 150. LAFRANCOL;455;157,73;
'198C0040871;CAPTOPRIL 50MG TABLETA | CAJA X 30. LAFRANCOL;1.615;421,57;
'199C0050882;CARBAMAZEPINA 200MG TABLETA | CAJA X 300. LAPROFF;3.070;2.288,88;
'168C0050880;CARBAMAZEPINA 400MG TABLETA | CAJA X 30. GEN-FAR S.A;810;844,52;
'1158C0050889;CARBAMAZEPINA RETARD 200MG TABLETA | CAJA X 30. TECNOQUIMICAS;90;261,40;
'1108L0032734;CARBIDOPA+LEVODOPA 250/25MG TABLETA | CAJA X 250. MEMPHIS;1.290;2.323,26;
'1161C0060893;CARBON ACTIVADO 450 MG TABLETA | FRASCO X 100. VARIOS E IMPORTADOS;900;795,33;
'199C0010852;CARBONATO de CALCIO 600MG TABLETA | CAJA X 300. LAPROFF;2.640;1.667,70;
'13L0142805;CARBONATO LITIO 300MG TABLETA | CAJA X 100. ACTIFARMA;720;719,10;
'166G0472311;CARTIX 1500MG POLVO O GRANULOS | CAJA X 14. GARMISCH;510;3.250,86;
'166C0651136;CARVEDIL 12.5MG TABLETA | CAJA X 30. GARMISCH;270;2.225,15;
'166C0651137;CARVEDIL 25MG TABLETA | CAJA X 30. GARMISCH;420;1.265,30;
'166C0651138;CARVEDIL 6.25mg TABLETA | CAJA X 30. GARMISCH;540;1.663,86;
'168C0080906;CEFALEXINA 250MG/5ML SUSPENSION ORAL | FRASCO X 60ML. GEN-FAR S.A;15;10.676,52;
'1116C0080908;CEFALEXINA 500MG TABLETA | CAJA X 100. NOVARTIS;1.430;4.981,44;
'158C0110922;CEFTRIAXONA 1GR SOLUCION INYECTABLE | CAJA X 1. FARMALOGICAS S.A;20;3.345,69;
'1136M0583281;CELLCEPT 500MG TABLETA | CAJA X 50. ROCHE;120;7.946,48;
'1170V0524782;CENTRUM SILVER/LUTEINA S.M.N.F TABLETA | FRASCO X 30. WYETH CONSUMER;30;503,76;
'165A0970486;CETAPHIL ULTRA HUMECTANTE 1 SOLUCION TOPICA | FRASCO X 226 GR. GALDERMA;3;57.764,80;
'165A1080520;CETHAPIL HUMECTANTE 226ML LOCION | FRASCO X 1. GALDERMA;3;56.370,67;
'1275C0660001;CETIRIZINA  0.1% JARABE | FRASCO X 60. AZ PHARMA;58;21.560,00;
'168C0661146;CETIRIZINA 10MG TABLETA | CAJA X 10. GEN-FAR S.A;9.730;5.414,00;
'1273C012A0032;CIANOCOBALAMINA 0.1MG/1ML AMP        (SICMAFARMA) 1 AMPOLLA | CAJA X 100. SICMAFARMA;81;12.225,43;
'130A0380305;CIPLADINEX 400MG TABLETA | FRASCO X 30. BIOTOSCANA;360;54.358,08;
'130E0191792;CIPLASTAVIR 40MG TABLETA | CAJA X 10. BIOTOSCANA;60;345,00;
'198C0150970;CIPROFLOXACINA 500MG TABLETA | CAJA X 100. LAFRANCOL;1.896;5.970,86;
'154C0150966;CIPROFLOXACINO 3% SOLUCION OFTALMICAS | FRASCO X 5ML. EXPOFARMA;14;13.997,90;
'1157C0180998;CITARABINA 100MG SOLUCION INYECTABLE | CAJA X 1. TECNOFARMA;4;8.125,00;
'1104P0713816;CITRO- K 1080MG TABLETA DE LIBERACION PROGRAMADA | CAJA X 30. LICOL;60;1.740,15;
'168C0461121;CLARITROMICINA 500MG TABLETA | CAJA X 10. GEN-FAR S.A;350;5.497,92;
'1144E0281833;CLEXANE 80MG/0.8ML SOLUCION INYECTABLE | CAJA X 2. SANOFI-AVENTIS;30;7.850,15;
'192C0191007;CLINDAMICINA 300MG TABLETA | CAJA X 24. LA SANTE;488;3.908,12;
'13C1361359;CLOBAZAN 10MG TABLETA | CAJA X 20. ACTIFARMA;120;2.232,73;
'180C0211019;CLONAZEPAM 2MG TABLETA | CAJA X 30. HUMAX;335;629,56;
'166C0471132;CLONIPREX 150MG TABLETA | CAJA X 20. GARMISCH;2.580;1.554,79;
'166C0731167;CLOPIDROGEL GOTLAND 75MG TABLETA | CAJA X 14. GARMISCH;1.134;3.546,80;
'1104C0261036;CLORFENIRAMINA 2MG/5ML JARABE | FRASCO X 120ML. LICOL;17;12.856,76;
'142C0271038;CLORFENIRAMINA 4MG TABLETA | CAJA X 20. COASPHARMA;190;98,00;
'117C0281041;CLOROQUINA 150MG TABLETA | CAJA X 20. B.C.N MEDICAL;60;193,44;
'180C0281042;CLOROQUINA 150MG TABLETA | CAJA X 250. HUMAX;450;1.323,88;
'1138L0182833;CLOSTEROL 20 MG TABLETA | CAJA X 30. ROPSOHN;13.340;5.524,19;
'192C0311059;CLOTRIMAZOL 100MG OVULO O TABLETA VAGINAL | CAJA X 6. LA SANTE;133;821,01;
'198C0311060;CLOTRIMAZOL 1% CREMA | TUBO X 40GR. LAFRANCOL;244;141.089,63;
'198C0311061;CLOTRIMAZOL 1% CREMA VAGINAL | TUBO X 40GR. LAFRANCOL;88;129.431,52;
'199C0311062;CLOTRIMAZOL 1% LOCION | FRASCO X 30ML. LAPROFF;34;19.801,25;
'168C1511403;CLOTRIMAZOL+NEOMICINA+BETAMETAMETASONA 0.04+1.0+0.5% CREMA | TUBO X . GEN-FAR S.A;2;2.905,92;
'12C0320042;CLOZAPINA 100mg TABLETA | CAJA X 500. ABL PHARMA;950;1.497,06;
'180C0321071;CLOZAPINA 25MG TABLETA | CAJA X 20. HUMAX;30;75,31;
'1168C0341085;COLCHICINA 0.5MG TABLETA | CAJA X 40. WINTHROOP;490;448,16;
'1168C0351086;COLESTIRAMINA 4GR POLVO O GRANULOS | CAJA X 100. WINTHROOP;330;3.973,13;
'171L0192842;COMBIVIR 150MG/300MG TABLETA | CAJA X 60. GLAXO;60;3.541,67;
'1163C1541423;COMPLEJO B 2CC SOLUCION INYECTABLE | CAJA X 10. VITALIS;21;1.468,90;
'1163C1541422;COMPLEJO B 2ML SOLUCION INYECTABLE | CAJA X . VITALIS;3;648,00;
'150C1540044;COMPLEJO B  . TABLETA | CAJA X 250. ECAR;720;432,72;
'1109B0380794;CONCORD 5MG TABLETA | CAJA X 30. MERCK;90;7.012,32;
'1168D0261534;CONMEL 500MG TABLETA | CAJA X 100. WINTHROOP;120;219,20;
'1175C0211028;COQUAN 0.5MG TABLETA | CAJA X 30. SIEGFRIED;600;1.553,70;
'1175C0211029;COQUAN 2.5 MG SOLUCION ORAL | FRASCO X 30 ML. SIEGFRIED;16;77.701,12;
'1175C0211027;COQUAN 2MG TABLETA | CAJA X 30. SIEGFRIED;310;570,00;
'1109W0014808;COUMADIN 5MG TABLETA | CAJA X 30. MERCK;90;1.339,70;
'1110L0212862;COZAAR 100MG TABLETA | CAJA X 30. MERCK SHARP DOMME;60;11.055,32;
'154C0411094;CROMOGLICATO DE SODIO 2% SOLUCION NASAL | FRASCO X 10ML. EXPOFARMA;30;35.786,29;
'154C0411096;CROMOGLICATO DE SODIO 2% SOLUCION OFTALMICAS | FRASCO X 5ML. EXPOFARMA;65;81.007,23;
'154C0411093;CROMOGLICATO DE SODIO 4% SOLUCION NASAL | FRASCO X 10ML. EXPOFARMA;79;100.472,28;
'154C0411095;CROMOGLICATO DE SODIO 4% SOLUCION OFTALMICAS | FRASCO X ML. EXPOFARMA;73;90.658,70;
'195C0421101;CROTAMITON 10% LOCION | FRASCO X 60ML. LABINCO;5;7.750,05;
'1272W0010002;CUMARIN  5 MG TABLETA | CAJA X 50. LEPETIT;1.350;4.704,96;
'1SA1A1240001;CURAM 500MG CX12 TAB   SANDOX 500 MG TABLETA | CAJA X 12. SANDOX;1;1.030,00;
'1272N0350048;CUYDERM  2 % CREMA | TUBO X 40 G. LEPETIT;3;9.000,00;
'198D0021432;DANAZOL 200MG TABLETA | CAJA X 30. LAFRANCOL;150;856,26;
'168D0471595;DEFLAZACOR 30MG TABLETA | CAJA X 10. GEN-FAR S.A;160;1.763,78;
'168D0471594;DEFLAZACOR 6MG TABLETA | CAJA X 10. GEN-FAR S.A;2.110;7.424,82;
'123O0103572;DELIFON  SUSPENSION ORAL | FRASCO X 120ML. BEST LTDA;5;18.000,02;
'1144D0061444;DELTAFLUORENE 0.75MG TABLETA | CAJA X 20. SANOFI-AVENTIS;90;1.868,54;
'11V0114599;DEPAKENE 250MG TABLETA | CAJA X 50. ABBOTT;210;1.785,06;
'198M0040054;DEPOTRIN 50MG/ML  SOLUCION INYECTABLE | CAJA X 1. LAFRANCOL;30;73.483,20;
'127P0203711;DERMIQUE 1% CREMA | TUBO X 30GR. BIOQUIFAR;32;25.011,25;
'1145D0511629;DERMOSUPRIL 0.05% EMULSION ORAL | FRASCO X 120ML. SCANDINAVIA;3;55.969,64;
'1145D0511630;DESONIDA 0.1% LOCION | FRASCO X 30ML. SCANDINAVIA;9;34.955,20;
'1121T0704509;DETRUSITOL 2MG TABLETA | CAJA X 28. PFIZER;534;21.345,90;
'1163D0061445;DEXAMETASONA 4MG SOLUCION INYECTABLE | CAJA X . VITALIS;20;2.164,08;
'168D0050060;DEXAMETASONA  8MG/2ML SOLUCION INYECTABLE | CAJA X 1. GEN-FAR S.A;34;2.254,69;
'199D0151462;DICLOFENAC 50MG TABLETA | CAJA X 300. LAPROFF;1.040;599,40;
'1163D0151480;DICLOFENACO 75MG SOLUCION INYECTABLE | CAJA X 1. VITALIS;225;7.139,58;
'168D0161486;DICLOXACILINA 500MG TABLETA | CAJA X 50. GEN-FAR S.A;1.360;4.447,98;
'1118D0181498;DIFENHIDRAMINA 50MG TABLETA | CAJA X 250. OPHALAC;650;2.506,22;
'192D0201501;DIHIDROCODEINA 12,1MG / 5ML JARABE | FRASCO X 120ML. LA SANTE;49;83.600,00;
'168D0361565;DILTIAZEM 60MG TABLETA | CAJA X 20. GEN-FAR S.A;2.790;1.202,40;
'154D0361563;DILTIAZEM 90MG TABLETA | CAJA X 10. EXPOFARMA;770;1.260,06;
'168D0361566;DILTIAZEM RETARD 180MG TABLETA | CAJA X 10. GEN-FAR S.A;2.070;7.535,98;
'1112H0362449;DIMARD 200MG TABLETA | CAJA X 20. METLEN PHARMA;210;3.819,97;
'1112H0362450;DIMARD 400MG TABLETA | CAJA X 20. METLEN PHARMA;420;10.670,10;
'199I0202569;DINITRATO ISOSORBIDA 10MG TABLETA | CAJA X 300. LAPROFF;1.490;372,61;
'1158D0691653;DIOSMINA 500MG TABLETA | CAJA X 30. TECNOQUIMICAS;90;2.247,09;
'168D0261528;DIPIRONA 1GR SOLUCION INYECTABLE | CAJA X 20. GEN-FAR S.A;2;371,26;
'1146A0900470;DIPROSALIC 0,64% 3% UNGUENTO | TUBO X 40GR. SCHERING PLOUGHT;30;377.382,20;
'1146A0900469;DIPROSALIC 250 MG/5ML LOCION | FRASCO X 90ML. SCHERING PLOUGHT;16;360.791,04;
'1109S0144145;DIP SUSPENSION FRUTAS  SUSPENSION ORAL | FRASCO X 200ML. MERCK;1;18.900,00;
'175I0052518;DIUREX 2.5MG TABLETA | CAJA X 10. HEIMDALL;40;1.125,00;
'198A0140021;DIXIN 0.25MG TABLETA | CAJA X 30. LAFRANCOL;540;358,05;
'168D0771677;DOMPERIDONA 10MG TABLETA | CAJA X 20. GEN-FAR S.A;90;256,20;
'168D0771678;DOMPERIDONA 1MG/ML SUSPENSION ORAL | FRASCO X 60ML. GEN-FAR S.A;2;1.773,13;
'1102D0811696;DORCOGLAT 2% SOLUCION OFTALMICAS | FRASCO X 5ML. LEMAG;35;391.377,60;
'131T0610001;DORPRETIM 2% SOLUCION OFTALMICAS | FRASCO X 5ML. BLASKOV;33;203.164,72;
'192D0311547;DOXICICLINA 100MG TABLETA | CAJA X 10. LA SANTE;1.124;1.523,73;
'174D0751669;DRUGTECH NEURACTIN 250MG TABLETA | CAJA X 30. GYNOPHARMA;90;300,05;
'174D0751670;DRUGTECH NEURACTIN 500MG TABLETA | CAJA X 30. GYNOPHARMA;720;5.641,32;
'1270A0600066;DUMISURE VAINILLA  ADULTO TARRO X 400G   (DUMIAN) 400GR TARRO | TUBO X 0. DUMIAN;17;50.244,66;
'235C002660505;DUODERM DE 10 X 10 REF:187660 1 UNIDAD | . X 1. BRISTOL MYERS SQUIBB;1;17.583,50;
'235C002660503;DUODERM DE 20 X 20 REF.187662 CX5 1 UNIDAD | . X 1. BRISTOL MYERS SQUIBB;2;54.141,14;
'1270U0020050;D-UREA 10% TUBO X 60 GRS             (DUMIAN) 60GR CREMA | TUBO X 0. DUMIAN;106;373.139,79;
'180E0211811;EFAVIRENZ 600 MG TABLETA | CAJA X 30. HUMAX;240;9.384,10;
'1101E0210067;EFAVIRENZ 600MG TABLETA | FRASCO X 30. LEGRAND;210;7.000,00;
'171L0062772;ELTROXIN 100MG TABLETA | CAJA X 50. GLAXO;75;575,68;
'130L0062771;ELTROXIN 50MG TABLETA | FRASCO X 50. BIOTOSCANA;30;178,04;
'168E0021724;ENALAPRIL 20MG TABLETA | CAJA X 20. GEN-FAR S.A;23.820;5.299,58;
'198E0021729;ENALAPRIL 5MG TABLETA | CAJA X 150. LAFRANCOL;4.965;1.283,89;
'119C0130944;ENDOXAN 500MG SOLUCION INYECTABLE | CAJA X 1. BAXTER;1;17.757,24;
'119C0130942;ENDOXAN 50MG TABLETA | CAJA X 50. BAXTER;120;3.465,59;
'219S000542264;ENEMA SOLUCION 2.5 X 1000CC   REF:ARD0004 CX12 1 UNIDAD | . X 1. LABORATORIO BAXTER;50;495.021,77;
'219S000542257;ENEMA TRAVAD FOSF.BOLSA 133ML R:RD0001 CX60 1 UNIDAD | . X 1. LABORATORIO BAXTER;5;10.406,24;
'219S000542258;ENEMA TRAVAD ORAL FCO 133ML R:ARD0002 CX24 1 UNIDAD | . X 1. LABORATORIO BAXTER;112;598.868,35;
'198C1561426;ENSOY DIABETICOS 400GR POLVO O GRANULOS | LATA X 400GR. LAFRANCOL;10;22.890,83;
'198A0600416;ENSOY PROTEINA (100+50)mcg/PULVERI. TABLETA | LATA X 275GR. LAFRANCOL;4;34.681,50;
'11A0600392;ENSURE PLUS HN 1000ML EMULSION ORAL | TARRO X 100ML. ABBOTT;60;25.634,29;
'11A0600393;ENSURE VAINILLA  TARRO | POLVO X 1000GR. ABBOTT;19;190.910,31;
'1121F0021960;EPAMIN 100MG TABLETA | FRASCO X 50. PFIZER;50;108,00;
'140V0110002;EPIGEL 250MG TABLETA | CAJA X 50. CHALVER;1.386;1.659,00;
'140V0110001;EPIGEL 250MG TABLETA | CAJA X 50. CHALVER;3.234;3.129,00;
'1145E0201804;EPO 2000UI SOLUCION INYECTABLE | TARRO X 1. SCANDINAVIA;8;8.000,00;
'2211A001430002;EQUIPO CYSTOFLO 2000ML CAMARA ANTIRREFLUJO UB-P 1 UNIDAD | . X 1. GLOBAL HEALTHCARE COLOMBIA;3;7.490,84;
'2203E001290628;EQUIPO MACROGOTEO C/A    CX100 1 UNIDAD | . X 1. DUMIAN MEDICAL S.A.S;49;934,42;
'219E001290668;EQUIPO NUTRIFLO 1500ML BOLSA  REF:BRD0202 CX40 1 UNIDAD | . X 1. LABORATORIO BAXTER;14;33.675,30;
'1154E0201805;ERITROMAX 2000 U.I. / ML SOLUCION INYECTABLE | FRASCO X 1ML. SUMIMED;62;22.336,00;
'168E0071741;ERITROMICINA 500MG TABLETA | CAJA X 50. GEN-FAR S.A;150;967,80;
'198S0374216;EROXIM 50MG TABLETA | CAJA X 2. LAFRANCOL;120;19.243,83;
'198S0374215;EROXIM 50MG TABLETA | CAJA X 4. LAFRANCOL;56;13.110,19;
'2158C002660545;ESPARADRAPO TELA 12pulg. X 10 MTS  C X 5 1 UNIDAD | . X 1. TECNOQUIMICAS S.A;2;57.066,74;
'195E0081759;ESPIROLAN 100MG TABLETA | CAJA X 20. LABINCO;270;1.250,50;
'1168E0080071;ESPIRONOLACTONA 25MG TABLETA | CAJA X 20. WINTHROOP;2.000;2.884,48;
'1109L0062775;EUTHIROX 100MG TABLETA | CAJA X 50. MERCK;90;153,34;
'1109L0062774;EUTHIROX 50MG TABLETA | CAJA X 50. MERCK;90;68,49;
'1116R0254058;EXELON 6MG TABLETA | CAJA X 28. NOVARTIS;56;8.505,00;
'1116R0254062;EXELON PATCH 5CM2 9MG TABLETA | CAJA X 30. NOVARTIS;30;12.500,00;
'1116D0461589;EXJADE 500MG TABLETA | CAJA X 28. NOVARTIS;84;110.742,86;
'195E0181788;EXPIREX 3MUI TABLETA | CAJA X 10. LABINCO;90;3.750,00;
'2244T001633119;EXTENSION BOTON GASTROSTOMIA  REF: 0121-12 1 UNIDAD | . X 1. MINERVA MEDICAL S A S;1;63.423,00;
'140E0111767;EXTERMAX  CREMA VAGINAL | TUBO X 40GR. CHALVER;50;757.416,24;
'1156C1311344;FACETIX 2+0,035MG TABLETA | CAJA X 21. SYNTHESIS;63;1.500,03;
'150B0100725;FARMALAX 5MG TABLETA | CAJA X 100. ECAR;1.472;2.810,42;
'1158E0061740;FENCAFEN 100MG/1MG TABLETA | CAJA X 20. TECNOQUIMICAS;1.630;11.751,60;
'1113F0031967;FENOBARBITAL 100MG TABLETA | CAJA X 30. MINSALUD;120;186,58;
'1113F0031968;FENOBARBITAL ELIXIR  ORAL | FRASCO X 1. MINSALUD;11;22.187,54;
'1115F0532140;FESEMA CON INHALADOR 12MCG AEROSOL | AEROSOL X 30. NOVAMED;51;450.029,70;
'166C1270075;FIBROLIP 100mg TABLETA | CAJA X 15. GARMISCH;90;1.179,84;
'1145F0292088;FILGRASTRIM 300MG SOLUCION INYECTABLE | CAJA X 1. SCANDINAVIA;3;46.558,42;
'1145O0123578;FILTROSOL  CREMA | TUBO X 60GR. SCANDINAVIA;2;54.020,88;
'1158F0312095;FINASTERIDE 5MG TABLETA | CAJA X 28. TECNOQUIMICAS;900;15.168,21;
'153T0924587;FITOSTIMOLINE 32GR CREMA | TUBO X 1. EUROETIKA;6;97.870,00;
'153T0924589;FITOSTIMOLINE GASAS 4GR PARCHE | CAJA X 10. EUROETIKA;10;9.483,15;
'153T0924584;FITOSTIMOLINE . GEL O JALEA | TUBO X 32 GR. EUROETIKA;1;37.699,45;
'1158C0361088;FIXAMICIN  SOLUCION OTICA | FRASCO X 15ML. TECNOQUIMICAS;36;97.643,52;
'171F0482125;FLIXOTIDE 50MCG SOLUCION PARA INHALACION | AEROSOL X 120DOSIS. GLAXO;1;50.624,90;
'130F0492128;FLUAMAR 25/250MCG AEROSOL | FRASCO X 120DOSIS. BIOTOSCANA;8;604.800,00;
'168F0372106;FLUNARIZINA 10MG TABLETA | CAJA X 30. GEN-FAR S.A;1.320;696,29;
'199F0132026;FLUOXETINA 20MG TABLETA | CAJA X 300. LAPROFF;5.670;2.414,88;
'130F0412115;FLUREX 1.0 mg+1.4% SOLUCION OFTALMICAS | FRASCO X 5ML. BIOTOSCANA;21;83.674,60;
'143F0142033;FOLIB-9 5MG TABLETA | CAJA X 30. COLPHARMA;180;150,00;
'1121D0411580;FRAGMIN 5.000UI SOLUCION INYECTABLE | CAJA X 10. PFIZER;82;57.021,00;
'1115F0092004;FUNEX 200MG TABLETA | CAJA X 210. NOVAMED;819;16.308,09;
'127K0022692;FUNGISTEROL 2% SHAMPOO | FRASCO X 100ML. BIOQUIFAR;100;269.500,00;
'198F0172058;FUROSEMIDA 40MG TABLETA | CAJA X 100. LAFRANCOL;6.310;2.295,00;
'1168G0022192;GEMFIBROZILO 600MG TABLETA | CAJA X 300. WINTHROOP;7.740;10.336,61;
'138G0032195;GENTAMICINA 160MG/2ML SOLUCION INYECTABLE | CAJA X 1. CARLON;14;1.595,00;
'1163G0032222;GENTAMICINA 160MG/2ML SOLUCION INYECTABLE | CAJA X 1. VITALIS;23;1.437,64;
'145G0032197;GENTAMICINA 3 mg/1 ml SOLUCION OFTALMICAS | FRASCO X 5ML. CORPAUL;5;7.634,85;
'168G0032207;GENTAMICINA 80MG/2ML SOLUCION INYECTABLE | CAJA X 1. GEN-FAR S.A;45;1.225,08;
'1116H0382454;GENTEAL 3MG/1ML SOLUCION OFTALMICAS | FRASCO X 1O ML. NOVARTIS;3;50.757,12;
'168G0312261;GINKGO BILOBA 40MG/ML JARABE | FRASCO X 25ML. GEN-FAR S.A;2;3.618,75;
'1145A0020055;GLAUCOMED 250MG TABLETA | CAJA X 10. SCANDINAVIA;60;471,01;
'1145T0774539;GLAUCOPROST 0.004% SOLUCION OFTALMICAS | FRASCO X 3ML. SCANDINAVIA;1;31.016,88;
'1145T0614483;GLAUCOTENSIL T (20+5)mg/5ml SOLUCION OFTALMICAS | FRASCO X 5ML. SCANDINAVIA;1;14.582,82;
'157G0042225;GLIBENCLAMIDA 5MG TABLETA | CAJA X 30. FARMACOOP;10.830;1.392,00;
'1168G0352278;GLICLAZIDA 80MG TABLETA | CAJA X 20. WINTHROOP;420;1.400,00;
'11A0600371;GLUCERNA LPC 1,5LT BOLSA | BOLSA X 1,5LT. ABBOTT;70;100.096,62;
'11A0600373;GLUCERNA SR 400GR TARRO | TARRO X 400GR. ABBOTT;4;36.693,01;
'1109M0463252;GLUCOVANCE 500/25MG TABLETA | CAJA X 30. MERCK;210;4.309,80;
'175G0422288;GLUCOX 2MG TABLETA | CAJA X 15. HEIMDALL;1.200;1.381,25;
'175G0422289;GLUCOX 4MG TABLETA | CAJA X 15. HEIMDALL;1.020;3.301,40;
'128H0502489;GROWTROPIN 16UI SOLUCION INYECTABLE | CAJA X 1. BIO-REG;14;355.262,50;
'2203G000760772;GUANTE ESTERILES 7.0 CX50 1 UNIDAD | . X 1. DUMIAN MEDICAL S.A.S;104;1.566,00;
'2205G000760789;GUANTE ESTERILES 8.5 1 UNIDAD | . X 1. ETERNA;98;2.824,20;
'2203G000760778;GUANTE ESTERILES 8.5  CX50 1 UNIDAD | . X 1. DUMIAN MEDICAL S.A.S;110;783,00;
'2205G000760784;GUANTE EXAMEN TALLA M CX100 1 UNIDAD | . X 1. ETERNA;174;17.587,05;
'2205G000760785;GUANTE EXAMEN TALLA S CX100 1 UNIDAD | . X 1. ETERNA;3;13.221,96;
'199G0552336;GUAYACOLATO DE GLICERIO 2% JARABE | FRASCO X 120ML. LAPROFF;29;22.685,83;
'180H0012342;HALOPERIDOL 10MG TABLETA | CAJA X 100. HUMAX;170;303,99;
'180H0012345;HALOPERIDOL 2% GOTAS | FRASCO X 20ML. HUMAX;9;10.446,10;
'180H0012344;HALOPERIDOL 5MG TABLETA | CAJA X 100. HUMAX;90;175,00;
'189D0771681;HARMETONE  JARABE | FRASCO X 60ML. JANSSEN;5;96.587,12;
'199H0062362;HIDROCLOROTIAZIDA 25MG TABLETA | CAJA X 300. LAPROFF;28.320;5.840,53;
'195H0072366;HIDROCORTISONA 0.5% LOCION | FRASCO X 30ML. LABINCO;26;55.853,36;
'198H0072367;HIDROCORTISONA 1% CREMA | TUBO X 15GR. LAFRANCOL;108;79.519,75;
'168H0222419;HIDROXICINA 25MG TABLETA | CAJA X 20. GEN-FAR S.A;1.280;945,45;
'111H0142410;HIDROXICINA HCT 0.25% JARABE | FRASCO X 120ML. ANGLOPHARMA;7;2.867,55;
'1158A0170176;HIDROXIDO ALUMINIO 6,15 MG/100ML JARABE | FRASCO X 360ML. TECNOQUIMICAS;181;315.862,05;
'1173A0180186;HIDROXIDO ALUMINIO+SIMETICONA 6,15 MG/100ML JARABE | FRASCO X 360ML. GRUFARMA;83;115.314,56;
'1105I0552614;HUMALOG 100UI SOLUCION INYECTABLE | CAJA X 1. LILLY;3;204.333,27;
'1105I0092540;HUMULIN  70/30  SOLUCION INYECTABLE | FRASCO X 10. LILLY;4;16.001,08;
'1105I0092541;HUMULIN N 100UI/10ML SOLUCION INYECTABLE | CAJA X 1. LILLY;238;1.068.774,60;
'1105I0092542;HUMULIN R 100UI/10ML SOLUCION INYECTABLE | CAJA X 1. LILLY;83;508.654,08;
'1110L0632993;HYZAAR FORTE 100/25MG TABLETA | CAJA X 30. MERCK SHARP DOMME;30;5.291,76;
'166I0212570;IBANAT 150MG TABLETA | CAJA X 1. GARMISCH;4;64.000,00;
'157I0022499;IBUPROFENO 100MG JARABE | FRASCO X 120ML. FARMACOOP;6;2.251,41;
'117I0022494;IBUPROFENO 400MG TABLETA | CAJA X 100. B.C.N MEDICAL;360;417,81;
'168I0022501;IBUPROFENO 400MG TABLETA | CAJA X 100. GEN-FAR S.A;230;297,57;
'1158E0071748;ILOTICINA 2% LOCION | FRASCO X 60ML. TECNOQUIMICAS;36;162.537,20;
'12I0050093;IMIPRAMINA 25 MG CAJA X 1000TA       (ABL PHARMA) 1000 TABLETA | CAJA X 0. ABL PHARMA;960;1.541,00;
'130C129A1341;IMUSPORIN 100MG TABLETA | CAJA X 50. BIOTOSCANA;60;5.736,41;
'174C0191005;INFEX 100MG OVULO O TABLETA VAGINAL | CAJA X 3. GYNOPHARMA;6;2.502,83;
'1125L0342914;INFLAXEN 20MG TABLETA | CAJA X 30. PROCAPS;210;21.617,12;
'1157T0014283;INMUNOPRIN 100MG TABLETA | CAJA X 30. TECNOFARMA;45;20.249,52;
'189E0561896;INTELENSE 100MG TABLETA | FRASCO X 120. JANSSEN;120;7.552,98;
'1136S0254160;INVIRASE 500MG TABLETA | FRASCO X 120. ROCHE;360;17.640,00;
'166I0660094;IRBEPREX  300MG TABLETA | CAJA X 15. GARMISCH;30;426,10;
'1112I0662635;IRBETT 150MG TABLETA | CAJA X 28. METLEN PHARMA;60;500,00;
'1110R0124020;ISENTRESS 400MG CAPSULA | FRASCO X 60. MERCK SHARP DOMME;60;21.135,02;
'168I0682652;ISOCONAZOL 1% CREMA | TUBO X 20GR. GEN-FAR S.A;12;8.660,88;
'168I0682651;ISOCONAZOL 1% SOLUCION TOPICA | FRASCO X 20ML. GEN-FAR S.A;63;50.428,00;
'118I0202566;ISOCORD SUBLINGUAL 5MG TABLETA | CAJA X 20. BAGO;300;2.339,92;
'14D0581638;ISOPTO MAXIDEX  SOLUCION OFTALMICAS | FRASCO X 5ML. ALCON;1;21.989,28;
'1118I0722679;ITRACONAZOL 100MG TABLETA | CAJA X 4. OPHALAC;30;3.006,00;
'168I0372581;IVERMECTINA 0.6% GOTAS | FRASCO X 5 ML. GEN-FAR S.A;19;13.512,64;
'2194C002640208;JELCO # 24 X 3/4   REF:4033    CX50 1 UNIDAD | . X 1. COBOS & ASOCIADOS DE OCIDENTE;26;20.279,74;
'2205J000020986;JERINGA 10 ML C/A 21 X 1 1/2 3PTS 1 UNIDAD | . X 1. ETERNA;21;1.498,08;
'2227J000021005;JERINGA 1 ML C/A 23 X 1   REF:302036 1 UNIDAD | . X 1. LABORATORIO BECTON DICKINSON;330;1.877,85;
'2203J000020978;JERINGA 1 ML C/A 30G X 1/2 CX 100 R:2313 1 UNIDAD | CAJA X 1. DUMIAN MEDICAL S.A.S;5.533;34.147,86;
'2205J000020985;JERINGA 20 ML 21 X 1 1/2 3PTS  CX50 1 UNIDAD | . X 1. ETERNA;30;335,99;
'2205J000020989;JERINGA 5 ML C/A 21G X 1 1/2  CX100 1 UNIDAD | . X 1. ETERNA;121;4.205,76;
'2203J000020974;JERINGA 5 ML C/A 21 X 1 1/2 3P TS    CX100 1 UNIDAD | . X 1. DUMIAN MEDICAL S.A.S;256;17.443,12;
'2227J000020999;JERINGA 60 ML PUNTA CATETER    REF:309620 1 UNIDAD | . X 1. LABORATORIO BECTON DICKINSON;24;4.891,36;
'11N0383522;JEVITIL 1500ML SUSPENSION ORAL | TARRO X 1. ABBOTT;30;28.060,01;
'11L0202845;KALETRA 200/50MG TABLETA | FRASCO X 120. ABBOTT;1.800;21.630,15;
'1101G0222237;KAPTIN 300MG CAPSULA | CAJA X 100. LEGRAND;3.420;17.149,02;
'1101G0222239;KAPTIN 400MG CAPSULA | CAJA X 100. LEGRAND;1.350;7.307,04;
'127M0753377;KATOVIT E  JARABE | FRASCO X 360L. BIOQUIFAR;4;7.053,09;
'173L0372922;KEPPRA 500MG TABLETA | CAJA X 30. GRUNENTHAL;225;12.060,00;
'168K0022696;KETOCONAZOL 100MG SUSPENSION ORAL | FRASCO X 60ML. GEN-FAR S.A;1;1.874,79;
'168K0022695;KETOCONAZOL 200MG TABLETA | CAJA X 10. GEN-FAR S.A;320;969,34;
'168K0022697;KETOCONAZOL 2% CREMA | TUBO X 30GR. GEN-FAR S.A;14;9.683,19;
'199K0032706;KETOTIFENO 1MG/5ML JARABE | FRASCO X 100ML. LAPROFF;67;40.773,19;
'168K0032703;KETOTIFENO 1MG TABLETA | CAJA X 30. GEN-FAR S.A;300;239,40;
'1156P1373966;LACORYL 60MG TABLETA | CAJA X 14. SYNTHESIS;28;10.249,20;
'140L0272876;LACTULAX 10g/15ml SUSPENSION ORAL | CAJA X 12 SACHET. CHALVER;30;3.701,70;
'131C1061249;LAGRICOV 0.5% SOLUCION OFTALMICAS | FRASCO X 1. BLASKOV;38;52.179,55;
'1162L0282886;LAMETEC 100MG TABLETA | CAJA X 30. VITALCHEM;300;1.770,75;
'1162L0282889;LAMETEC 50MG TABLETA | CAJA X 30. VITALCHEM;540;1.805,70;
'180L0012730;LAMIVUDINA 150mg TABLETA | CAJA X 60. HUMAX;720;2.908,60;
'180L0192843;LAMIVUDINA+ZIDOVUDINA 150/300MG TABLETA | CAJA X 60. HUMAX;1.320;8.197,64;
'1128B0070714;LANITOP 0.1MG TABLETA | CAJA X 20. QUIDECA;30;612,76;
'1136B0070715;LANITOP 0.1MG TABLETA | CAJA X 20. ROCHE;360;7.462,32;
'1136B0070717;LANITOP 0.6MG ORAL | FRASCO X 10ML. ROCHE;2;83.731,96;
'168L0302895;LANSOPRAZOL 30MG TABLETA | CAJA X 14. GEN-FAR S.A;476;977,12;
'1144G0332271;LANTUS 100UI SOLUCION INYECTABLE | FRASCO X 10 ML. SANOFI-AVENTIS;1;129.000,00;
'136G0052231;LASS GLICERINA PEDIATRICO 1.365 G SUPOSITORIO | CAJA X 50. BUSSIE;20;556,68;
'135F0542143;LECHE NUTRAMIGEN PREMIUM 454 GR TARRO | . X 1. BRISTOL;1;64.917,45;
'175M0703333;LEUCOTREN 10MG TABLETA | CAJA X 10. HEIMDALL;1.860;8.154,48;
'166M0703334;LEUCOTREN 4MG TABLETA | CAJA X 10. GARMISCH;30;118,30;
'175M0703332;LEUCOTREN 5MG TABLETA | CAJA X 10. HEIMDALL;20;137,51;
'1168L0370001;LEVETIRACETAM 500 TABLETA | CAJA X 30. WINTHROOP;690;9.100,00;
'13L0042743;LEVOMEPROMAZINA 100MG TABLETA | CAJA X 100. ACTIFARMA;95;2.764,04;
'180L0042746;LEVOMEPROMAZINA 25MG TABLETA | CAJA X 100. HUMAX;390;3.681,60;
'13L0042741;LEVOMEPROMAZINA 4% SOLUCION ORAL | FRASCO X 20ML. ACTIFARMA;32;338.000,00;
'1158L0060103;LEVOTIROXINA 50MG TABLETA | CAJA X 50. TECNOQUIMICAS;17.090;11.769,88;
'1158L0060104;LEVOTIROXINA SODICA  100MG TABLETA | CAJA X 50. TECNOQUIMICAS;8.815;7.266,00;
'1138L0492956;LIDOPROCTO 60+5 MG SUPOSITORIO | CAJA X 10. ROPSOHN;10;696,81;
'1138L0492955;LIDOPROCTO 60+5 MG UNGUENTO | TUBO X 10 GR. ROPSOHN;54;67.137,91;
'1116A1420635;LIORESAL 10MG TABLETA | CAJA X 50. NOVARTIS;480;8.263,82;
'1121A1340107;LIPITOR  20 MG TABLETA | CAJA X 30. PFIZER;30;9.891,00;
'198L0572969;LISIPRIL 20MG TABLETA | CAJA X 10. LAFRANCOL;60;12.418,66;
'123U0034596;LITOMEN 300MG TABLETA | CAJA X 10. BEST LTDA;390;5.519,48;
'1101O0273638;LONAZET 300MG TABLETA | CAJA X 100. LEGRAND;630;4.320,00;
'1101O0273639;LONAZET 600MG TABLETA | CAJA X 100. LEGRAND;120;1.062,38;
'199L0152812;LOPERAMIDA 2MG TABLETA | CAJA X 240. LAPROFF;288;431,16;
'199L0162820;LORATADINA 10MG TABLETA | CAJA X 300. LAPROFF;4.350;1.942,79;
'199L0162821;LORATADINA 5MG/5ML JARABE | FRASCO X 100ML. LAPROFF;50;24.410,09;
'1168L0172831;LORAZEPAM 2MG TABLETA | CAJA X 30. WINTHROOP;865;578,08;
'168L0212859;LOSARTAN 50MG TABLETA | CAJA X 30. GEN-FAR S.A;52.520;16.884,75;
'114O0023526;LOSEC MUPS 10MG TABLETA | CAJA X 14. ASTRA ZENECA;56;4.685,53;
'114O0023525;LOSEC MUPS 20MG TABLETA | CAJA X 14. ASTRA ZENECA;28;8.467,29;
'1146B0250768;LOTRIDERM 0.05+1% CREMA | TUBO X 20GR. SCHERING PLOUGHT;1;16.122,19;
'1145L0322910;LOUTEN 2.5% SOLUCION OFTALMICAS | FRASCO X 2.5ML. SCANDINAVIA;121;1.992.387,60;
'1138L0182834;LOVASTATINA 20MG TABLETA | CAJA X 30. ROPSOHN;7.080;2.577,40;
'127L0212853;LOZARTEN 100MG TABLETA | CAJA X 1000. BIOQUIFAR;180;154,17;
'16B0360787;LUMIGAN 0.03% SOLUCION OFTALMICAS | FRASCO X 3ML. ALLERGAN;1;56.507,38;
'11R0214031;LUPRON DEPOT 11.25MG SOLUCION INYECTABLE | CAJA X 1. ABBOTT;7;4.492.162,01;
'1157B0350785;LUTAMIDAL 50MG TABLETA | CAJA X 28. TECNOFARMA;440;28.427,08;
'1145P1270001;MARTESIA   75 MG TABLETA | CAJA X 28. SCANDINAVIA;728;15.638,49;
'168M0033003;MEBENDAZOL 100MG/5ML SUSPENSION ORAL | FRASCO X 30ML. GEN-FAR S.A;6;4.195,38;
'168M0033002;MEBENDAZOL 100MG TABLETA | CAJA X 60. GEN-FAR S.A;30;146,80;
'1121M0493260;MEDROL 4MG TABLETA | CAJA X 50. PFIZER;120;2.565,69;
'198M0040112;MEDROXIPROGESTERONA  5 MG TABLETA | CAJA X 30. LAFRANCOL;240;913,15;
'1161M0453250;MELATONINA 3MG TABLETA | FRASCO X 60. VARIOS E IMPORTADOS;60;364,59;
'192M0313198;MELOXICAM 15MG TABLETA | CAJA X 10. LA SANTE;150;223,65;
'195M026A0114;MESAX 500 MG TABLETA | CAJA X 100. LABINCO;430;4.480,00;
'1168M0113032;METFORMINA 850 MG C X 300 TAB  WINTHORP 850 MG TABLETA | CAJA X 300. WINTHROOP;660;390,00;
'1168M0113029;METFORMINA 850MG TABLETA | CAJA X 900. WINTHROOP;26.340;13.451,52;
'198M0143048;METIMAZOL 5MG TABLETA | CAJA X 100. LAFRANCOL;510;906,88;
'192M0153053;METOCARBAMOL 750MG TABLETA | CAJA X 20. LA SANTE;2.580;5.780,14;
'199M0153055;METOCARBAMOL 750MG TABLETA | CAJA X 300. LAPROFF;3.490;8.302,18;
'199M0163069;METOCLOPRAMIDA 10MG TABLETA | CAJA X 300. LAPROFF;1.185;385,34;
'168M0163067;METOCLOPRAMIDA 4MG/ML SUSPENSION ORAL | FRASCO X 30ML. GEN-FAR S.A;27;8.521,76;
'1157M0183108;METOTREXATO 2.5MG TABLETA | CAJA X 100. TECNOFARMA;1.230;9.133,20;
'142M0213136;METRONIDAZOL 250MG SUSPENSION ORAL | FRASCO X 120ML. COASPHARMA;6;4.591,35;
'1125M0203124;METRONIDAZOL 500MG OVULO O TABLETA VAGINAL | CAJA X 200. PROCAPS;330;2.272,09;
'143M0200115;METRONIDAZOL  500MG OVULO O TABLETA VAGINAL | CAJA X 250. COLPHARMA;180;1.362,00;
'168M0203119;METRONIDAZOL 500MG TABLETA | CAJA X 100. GEN-FAR S.A;1.207;1.624,22;
'127M0310116;MEXICAM  7.5mg TABLETA | CAJA X 30. BIOQUIFAR;5.830;7.717,60;
'1145M0583283;MICOFLAVIN 500MG TABLETA | CAJA X 50. SCANDINAVIA;300;19.148,36;
'2158C002660548;MICROPORE 1pulg. COLOR PIEL CX12 1 UNIDAD | . X 1. TECNOQUIMICAS S.A;1;1.702,38;
'2158C002660550;MICROPORE 2pulg. COLOR PIEL CX6 1 UNIDAD | . X 1. TECNOQUIMICAS S.A;14;25.525,62;
'155A1790019;MILPAX PLUS MENTA 0,633G+2,39G/100ML SUSPENSION ORAL | FRASCO X 355ML. FARMA;3;4.514,87;
'195M026B3175;MINOXIL 10MG TABLETA | CAJA X 30. LABINCO;60;315,00;
'132P1203912;MIRAPEX 25MG TABLETA | CAJA X 30. BOEHRINGER;360;6.065,61;
'1151C0140955;MODUSIK A 1MG SOLUCION OFTALMICAS | FRASCO X 5ML. SOPHIA;3;181.639,35;
'168M0683306;MOMETASONA 0.001 CREMA | TUBO X 15GR. GEN-FAR S.A;2;1.131,82;
'1156M0683319;MOMETASYN ADULTO 0.5% SPRAY NASAL | FRASCO X 18GR. SYNTHESIS;139;1.016.606,80;
'1156M0683320;MOMETASYN PEDIATRICO 0.5% SPRAY NASAL | FRASCO X 50MCG. SYNTHESIS;48;408.513,76;
'168M0703331;MONTELUKAS 10MG TABLETA | CAJA X 30. GEN-FAR S.A;30;129,98;
'168M0703330;MONTELUKAS 5MG TABLETA | CAJA X 30. GEN-FAR S.A;430;1.722,04;
'14T026A4410;MYDRIACIL 1% SOLUCION OFTALMICAS | FRASCO X 15ML. ALCON;1;7.838,07;
'1116M0583280;MYFORTIC 360MG TABLETA | CAJA X 120. NOVARTIS;1.080;66.197,60;
'192A0050070;N-ACETILCISTEINA 200MG POLVO O GRANULOS | CAJA X 30. LA SANTE;1.388;12.975,54;
'195N0023396;NAPROVAL 125MG/5ML SUSPENSION ORAL | FRASCO X 80ML. LABINCO;1;950,22;
'199N0023398;NAPROXENO 250MG TABLETA | CAJA X 300. LAPROFF;4.910;7.351,72;
'1168N0023401;NAPROXENO 250MG TABLETA | CAJA X 300. WINTHROOP;180;357,20;
'168N0023395;NAPROXENO 500MG TABLETA | CAJA X 10. GEN-FAR S.A;230;1.328,13;
'1146M0683314;NASONEX ADULTO  SPRAY NASAL | FRASCO X 18GR. SCHERING PLOUGHT;1;43.141,92;
'1163H0132408;N-BUTIL BROMURO DE HIOSCINA 20ML/1ML SOLUCION INYECTABLE | CAJA X 1. VITALIS;1;311,42;
'157H0132401;N-BUTIL BROMURO HIOSCINA 10MG TABLETA | CAJA X 20. FARMACOOP;1.740;3.311,00;
'1101N0143459;NEVIRAPINA 200MG TABLETA | CAJA X 100. LEGRAND;120;1.539,00;
'198N0083422;NIDIP 30MG TABLETA | CAJA X 100. LAFRANCOL;2.030;1.719,14;
'198N0063410;NIFEDIPINO 10MG TABLETA | CAJA X 30. LAFRANCOL;90;122,31;
'154N0063415;NIFEDIPINO RETARD 30MG TABLETA | CAJA X 20. EXPOFARMA;4.580;7.173,75;
'157N0093430;NISTATINA 100.000UI SUSPENSION ORAL | FRASCO X 60ML. FARMACOOP;19;17.423,25;
'160N0313498;NISTATINA+ZINC 0 CREMA | TUBO X 40GR. FARMIONI SCALPI;28;27.910,12;
'198N0103445;NITROFURANTOINA 100MG TABLETA | CAJA X 40. LAFRANCOL;2.190;6.560,52;
'168N0123450;NORFLOXACINO 400MG TABLETA | CAJA X 14. GEN-FAR S.A;448;918,54;
'1156F0212069;NORMOLIP 200MG TABLETA | CAJA X 10. SYNTHESIS;30;3.590,64;
'1156F0212068;NORMOLIP 200MG TABLETA | CAJA X 20. SYNTHESIS;60;10.057,99;
'1112F0212068;NORTRICOL  250 MG TABLETA | CAJA X 20. METLEN PHARMA;336;19.725,00;
'1112F0212067;NORTRICOL RETARD 250MG TABLETA | CAJA X 10. METLEN PHARMA;54;3.379,11;
'1145C1131280;OFTAFLOX  UNGUENTO | TUBO X 5GR. SCANDINAVIA;6;26.556,00;
'175O0163591;OLAZAP 5MG TABLETA | CAJA X 15. HEIMDALL;435;1.642,30;
'1203O0193612;OLVISION 0.1% SOLUCION OFTALMICAS | FRASCO X 5 ML. DUMIAN MEDICAL S.A.S;5;26.997,90;
'130V0184651;ONCOCRISTIN 1MG SOLUCION INYECTABLE | CAJA X 1. BIOTOSCANA;2;13.250,00;
'175O0083564;ONDAX 8MG/4ML SOLUCION INYECTABLE | CAJA X 1. HEIMDALL;4;651,68;
'2225M001601874;OPTICLUDE JUNIOR CX20 3M 1 UNIDAD | . X 1. LABORATORIO 3M DECOLOMBIA;30;538,02;
'1158R0214038;OSTEOCLAX 35MG TABLETA | CAJA X 4. TECNOQUIMICAS;8;16.677,20;
'170G0382282;OTOGLICAR 1% SOLUCION OTICA | FRASCO X 30CC. GERCO;43;37.395,69;
'1158O0273645;OXCARBAMAZEPINA 300MG TABLETA | CAJA X 20. TECNOQUIMICAS;120;1.337,50;
'1157T0444439;OXICONTIN 10MG TABLETA | CAJA X 30. TECNOFARMA;210;7.594,35;
'1156O0063557;OXIMETAZOLINA ADULTO 0.50% SOLUCION NASAL | FRASCO X 15ML. SYNTHESIS;5;4.482,40;
'1156O0063558;OXIMETAZOLINA PEDIATRICO 0.025% SOLUCION NASAL | FRASCO X 15ML. SYNTHESIS;2;1.601,02;
'2142P001822184;PAÑITOS HUMEDOS WINNY PX50 1 UNIDAD | . X 1. DROGUERIA SAN JORGE;9;23.151,76;
'2142P001822186;PANAL HUGGIES ETAPA 4 PX32 1 UNIDAD | . X 1. DROGUERIA SAN JORGE;1;41.234,35;
'2142P001822191;PANAL HUGGIES ULTRA TRIM 5 XXG PX20 1 UNIDAD | . X 1. DROGUERIA SAN JORGE;11;45.359,98;
'2142P001822188;PANAL TENA SLIP TALLA M PX20 1 UNIDAD | . X 1. DROGUERIA SAN JORGE;29;255.435,84;
'2193P001822173;PANAL WINNY GOD ETAPA 6 PX20 1 UNIDAD | . X 1. CHICCO DE COLOMBIA S.A.;27;60.334,59;
'1172P1123894;PANOTIL B   SOLUCION OTICA | FRASCO X 8ML. ZAMBON;6;19.326,78;
'1127L0032739;PARKEN 25/100MG TABLETA | CAJA X 30. PSIPHARMA;180;400,00;
'1158P0833839;PAROXETINA 20MG TABLETA | CAJA X 10. TECNOQUIMICAS;90;1.909,68;
'150D0231507;PASEDOL 50MG TABLETA | CAJA X 100. ECAR;759;973,91;
'1129P0023665;PASTA LASSAR 25/12.5 GR CREMA | POTE X 100 GR. QUIFARMA;13;56.574,56;
'11A0600378;PEDIASURE VAINILLA 1 ORAL | LATA X 8ONZ. ABBOTT;180;8.058,00;
'1146I0100140;PEG INTRON  80MGS SOLUCION INYECTABLE | CAJA X 1. SCHERING PLOUGHT;4;1.005.195,15;
'1163P0073682;PEN G SODICA 1.000.000UI POLVO PARA INYECCION | FRASCO X 1. VITALIS;1;474,92;
'1163P0053673;PENICILINA G BENZATINICA 1.200.000UI SOLUCION INYECTABLE | CAJA X . VITALIS;6;3.696,90;
'1163P0053674;PENICILINA G BENZATINICA 2.400.000UI SOLUCION INYECTABLE | CAJA X 10. VITALIS;4;2.157,36;
'168P0703811;PENTOXIFILINA 400MG TABLETA | CAJA X 30. GEN-FAR S.A;2.700;7.728,22;
'175R0224039;PERIDON 1MG TABLETA | CAJA X 20. HEIMDALL;170;2.676,76;
'175R0224041;PERIDON 2MG TABLETA | CAJA X 20. HEIMDALL;450;6.337,33;
'175R0224040;PERIDON 3MG TABLETA | CAJA X 20. HEIMDALL;350;6.465,90;
'13P0113689;PIPOTIAZINA 25MG/1ML SOLUCION INYECTABLE | CAJA X 1. ACTIFARMA;14;60.242,48;
'168P0123693;PIRANTEL PAMOATO 250MG TABLETA | CAJA X 60. GEN-FAR S.A;57;1.862,68;
'168P0123694;PIRANTEL PAMOATO 250MH/5ML JARABE | FRASCO X 15ML. GEN-FAR S.A;50;21.708,12;
'199P0153703;PIRIDOXINA 50MG TABLETA | CAJA X 100. LAPROFF;30;79,50;
'1158P0483793;PIROXICAM 0.5% CREMA | TUBO X 40GR. TECNOQUIMICAS;4;5.162,13;
'168P0483783;PIROXICAM 5% GEL O JALEA | TUBO X 40GR. GEN-FAR S.A;737;1.047.075,00;
'1144C0731170;PLAVIX 75MG TABLETA | CAJA X 28. SANOFI-AVENTIS;56;16.572,38;
'1125V0524769;POLIVITAMINAS Y MINERALES . CAPSULAS | CAJA X 100. PROCAPS;420;743,61;
'192C1241313;PRAXOCOL 50MG TABLETA | CAJA X 30. LA SANTE;150;2.142,20;
'127O0020148;PRAZIDEX  20MG TABLETA | CAJA X 250. BIOQUIFAR;34.472;20.351,93;
'175P0263722;PRAZOSINA 1MG TABLETA | CAJA X 30. HEIMDALL;90;44,88;
'1156P0263726;PRAZOSINA 1MG TABLETA | CAJA X 30. SYNTHESIS;210;81,87;
'16P0273727;PRED F 1% SOLUCION OFTALMICAS | FRASCO X 5ML. ALLERGAN;23;411.707,82;
'157P0273729;PREDNISOLONA 5MG TABLETA | CAJA X 30. FARMACOOP;2.510;1.005,48;
'1158P0273738;PREDNISONA 50MG TABLETA | CAJA X 100. TECNOQUIMICAS;261;9.559,94;
'1119P0283739;PREFOX-T 1.0/0.12% SOLUCION OFTALMICAS | FRASCO X 5ML. OPTHA;4;29.403,12;
'1171E0121776;PREMARIN 6,25MG TABLETA | CAJA X 28. WYETH INC;140;4.306,00;
'1171V0234663;PREVENAR  VALENTE 13 X 5ML SOLUCION INYECTABLE | CAJA X 1. WYETH INC;1;153.847,50;
'189Z0014832;PREZISTA 600MG C X 60 TAB    JANSSEN 600 MG TABLETA | CAJA X 60. JANSSEN;120;26.664,00;
'189T0424423;PROGRAF 1MG CAPSULA | CAJA X 50. JANSSEN;50;11.162,15;
'189T0424424;PROGRAF 1MG CAPSULA | CAJA X 50. JANSSEN;50;13.394,70;
'189T0424425;PROGRAF XL 1MG CAPSULA DE LIBERACION | CAJA X 50 CAPS. JANSSEN;200;39.688,00;
'175P0663808;PROPAFEN 150MG TABLETA | CAJA X 30. HEIMDALL;330;779,94;
'199P0353751;PROPRANOLOL 40MG TABLETA | CAJA X 300. LAPROFF;3.590;918,16;
'199P0353752;PROPRANOLOL 80MG TABLETA | CAJA X 300. LAPROFF;690;219,04;
'171M0093014;PURINETHOL 50MG TABLETA | CAJA X 25. GLAXO;75;2.128,95;
'1135G0032212;PURPUCINA 0.03 UNGUENTO | TUBO X 5GR. RIDHI PHARMA;2;9.268,00;
'116Q0020155;QUINAPRIL 20MG TABLETA | CAJA X 294. A-Z PHARMA;28;133,00;
'175M0743373;QUINOMAX 400MG TABLETA | CAJA X 5. HEIMDALL;45;7.209,00;
'1109S0504258;REBIF 44MG/0.5ML SOLUCION INYECTABLE | CAJA X 4. MERCK;12;299.020,95;
'16E0321844;RELESTAT 0,5 MG/ML SOLUCION OFTALMICAS | FRASCO X 5ML. ALLERGAN;1;46.068,63;
'189G0242246;REMINYL ER 8MG TABLETA | CAJA X 7. JANSSEN;56;40.001,98;
'1157L0342918;REVLIMID 10 MG CAPSULA | CAJA X 21. TECNOFARMA;21;1.015.071,43;
'1125R0054011;RIFAMPICINA 300MG CAPSULA | CAJA X 20. PROCAPS;60;401,38;
'1144R0204030;RILUTEK 50MG TABLETA | CAJA X 56. SANOFI-AVENTIS;56;29.095,00;
'175D0501609;RINOTADIN 5MG TABLETA | CAJA X 10. HEIMDALL;30;323,91;
'1157M0653301;RIPTAM 20MG SOLUCION INYECTABLE | CAJA X 1. TECNOFARMA;2;60.001,04;
'189R0224047;RISPERDAL CONSTA 25MG SOLUCION INYECTABLE | CAJA X 1. JANSSEN;2;309.498,30;
'1113M0123034;RITALINA 10MG TABLETA | CAJA X 30. MINSALUD;165;4.426,40;
'130R0094014;RITONAX 100MG TABLETA | FRASCO X 60. BIOTOSCANA;540;9.240,84;
'1138S0204156;ROSULFANT 500MG TABLETA | CAJA X 10. ROPSOHN;1.560;2.418,12;
'175R0304086;ROSUVAX 20MG TABLETA | CAJA X 10. HEIMDALL;120;2.768,46;
'1138L0082793;ROXICAINA 1% AEROSOL | AEROSOL X 80GR. ROPSOHN;1;22.044,07;
'1138L0082792;ROXICAINA 2% GEL O JALEA | TUBO X 30ML. ROPSOHN;16;27.757,84;
'1138L0102795;ROXICAINA EPINEFRINA 2% SOLUCION INYECTABLE | FRASCO X 50ML. ROPSOHN;2;7.830,00;
'1138L0082801;ROXICAINA SIMPLE 1%-10ML SOLUCION INYECTABLE | CAJA X 1. ROPSOHN;9;22.905,63;
'1138L0082804;ROXICAINA SIMPLE 2% SOLUCION INYECTABLE | CAJA X 1. ROPSOHN;1;1.727,55;
'1138L0082800;ROXICAINA SIMPLE 2% SOLUCION INYECTABLE | FRASCO X 50 ML. ROPSOHN;6;13.326,36;
'1138L0082802;ROXICAINA SIMPLE S/P 2%-10ML SOLUCION INYECTABLE | CAJA X 24. ROPSOHN;7;2.115,61;
'1144V0424730;SABRIL 500MG TABLETA | CAJA X 60. SANOFI-AVENTIS;60;6.999,99;
'1101A1310577;SABRO 1 POLVO GRANULADO | CAJA X 100. LEGRAND;400;481,56;
'1109S0504259;SAIZEN 24MG SOLUCION INYECTABLE | CAJA X 1. MERCK;1;265.368,00;
'153P0093685;SALAGEN 5MG TABLETA | CAJA X 100. EUROETIKA;450;19.387,50;
'130M026A3171;SALOFALK 500MG TABLETA | CAJA X 20. BIOTOSCANA;240;8.656,22;
'130M026A3169;SALOFALK 60ML/4G BOLSA | CAJA X 7. BIOTOSCANA;28;59.244,75;
'127S0024121;SALYDRAT 28GR POLVO O GRANULOS | CAJA X 50. BIOQUIFAR;17;900,15;
'1116C0140951;SANDIMMUN NEORAL 25MG TABLETA | CAJA X 50. NOVARTIS;240;12.000,00;
'1116C0140952;SANDIMMUN NEORAL 50MG TABLETA | CAJA X 50. NOVARTIS;300;50.500,00;
'1116C0140953;SANDIMMUN NEORAL MICROEMULSION 100MG JARABE | CAJA X 50ML. NOVARTIS;1;580.500,00;
'1116O0143583;SANDOSTATINA LAR 20MG SOLUCION INYECTABLE | CAJA X 1. NOVARTIS;2;8.755.966,00;
'1162O0243627;S-CITAP 10MG TABLETA | CAJA X 30. VITALCHEM;167;11.812,50;
'168S0304173;SECNIDAZOL 500MG JARABE | FRASCO X 15ML. GEN-FAR S.A;2;1.434,20;
'168S0304172;SECNIDAZOL 500MG TABLETA | CAJA X 4. GEN-FAR S.A;296;4.351,59;
'114Q0013970;SEROQUEL 25MG TABLETA | CAJA X 30. ASTRA ZENECA;90;5.234,43;
'168S0334186;SERTRALINA 50MG TABLETA | CAJA X 10. GEN-FAR S.A;1.910;2.934,96;
'1116A0250238;SERVAMOX 250MG SUSPENSION ORAL | FRASCO X 100ML. NOVARTIS;9;6.793,26;
'1145V0404723;SESAREN XR 75MG TABLETA | CAJA X 15. SCANDINAVIA;120;12.486,72;
'175S0334188;SETRAX 100MG TABLETA | CAJA X 10. HEIMDALL;90;392,13;
'154S0374208;SILDENAFIL 50MG TABLETA | CAJA X 2. EXPOFARMA;300;1.088,42;
'198L0052754;SINOVUL 150+30MG TABLETA | CAJA X 21. LAFRANCOL;1.407;2.802,84;
'1116C0821179;SIRDALUD 2MG TABLETA | CAJA X 15. NOVARTIS;30;526,49;
'145S0042252;SOLUCION SALINA   0.9% SOLUCION INYECTABLE | BOLSA X 250ml. CORPAUL;2;1.150,20;
'145S0042253;SOLUCION SALINA   0.9% SOLUCION INYECTABLE | BOLSA X 500ml. CORPAUL;3;1.161,81;
'119S0042263;SOLUCION SALINA ARB1323  0.9% SOLUCION INYECTABLE | BOLSA X 500ml. BAXTER;33;11.423,72;
'1117S0484255;SOLUCION SALINA HIPERTONICA 0,05 SOLUCION OFTALMICAS | FRASCO X 5ML. OFTALMOQUIMICAS;1;13.501,41;
'1121T0824553;SOMESE 0.25MG TABLETA | CAJA X 30. PFIZER;60;6.939,24;
'2236S001372339;SONDA NELATON # 10 1 UNIDAD | . X 1. LINDE COLOMBIA S.A;300;960,00;
'2236S001372341;SONDA NELATON # 14 1 UNIDAD | . X 1. LINDE COLOMBIA S.A;120;507,58;
'2236S001372342;SONDA NELATON # 16  BOLSA X25 1 UNIDAD | . X 1. LINDE COLOMBIA S.A;150;2.591,96;
'2236S001372349;SONDA SUCCION # 14 1 UNIDAD | . X 1. LINDE COLOMBIA S.A;30;2.457,00;
'127P0583799;SPABOLAZ  POLVO O GRANULOS | CAJA X 50. BIOQUIFAR;922;5.760,32;
'155E0311842;STAMYL  TABLETA | CAJA X 20. FARMA;2.020;13.920,00;
'130E0211809;STOCRIN 600MG TABLETA | FRASCO X 30. BIOTOSCANA;30;3.680,94;
'235C002660508;STOMAHESIVE PASTA REF:183910 1 UNIDAD | . X 1. BRISTOL MYERS SQUIBB;2;92.622,28;
'191S0554266;SUERO FISIOLOGICO 0,9 % SOLUCION NASAL | FRASCO X 30ML. JQ LABORATORIOS;162;24.856,75;
'192A0280265;SULAMP 250MG SUSPENSION ORAL | FRASCO X 100ML. LA SANTE;5;19.387,50;
'195S0194153;SULFACETAMIDA 10% SOLUCION OFTALMICAS | FRASCO X 15ML. LABINCO;2;2.600,00;
'199H0112386;SULFATO FERROSO 125MG/ML GOTAS | FRASCO X 20ML. LAPROFF;10;5.883,71;
'199H0112383;SULFATO FERROSO 200MG TABLETA | CAJA X 300. LAPROFF;3.120;2.193,51;
'199H0112382;SULFATO FERROSO 300MG TABLETA | CAJA X 300. LAPROFF;150;115,20;
'199H0112385;SULFATO FERROSO 600MG/15ML JARABE | FRASCO X 120ML. LAPROFF;7;3.841,40;
'192A0280267;SULTAMICILINA 375MG TABLETA | CAJA X 10. LA SANTE;570;7.264,03;
'11L0062763;SYNTHROID 25MG TABLETA | CAJA X 30. ABBOTT;30;468,06;
'11L0062764;SYNTHROID 88MG TABLETA | CAJA X 30. ABBOTT;30;440,63;
'18H0412462;SYREA 500MG TABLETA | CAJA X 100. ALPHARMA;240;5.164,96;
'166O0240169;TALOPRAM  10MG TABLETA | CAJA X 30. GARMISCH;43;4.725,00;
'1157T0444435;TAMSULON 0.4MG TABLETA | CAJA X 30. TECNOFARMA;90;1.258,26;
'1168T0440171;TAMSULOSINA  0.4 mg TABLETA | CAJA X 30. WINTHROOP;1.330;18.110,52;
'1115C0321074;TANYL 25MG TABLETA | CAJA X 20. NOVAMED;405;720,00;
'2245M001612035;TAPON INTERMITENTE 1 UNIDAD | CAJA X 1. PHARMEUROPEA DE COLOMBIA;26;7.317,96;
'1136E0361850;TARCEVA 150MG TABLETA | CAJA X 30. ROCHE;30;145.979,88;
'1116N0283482;TASIGNA 200MG TABLETA | CAJA X 112. NOVARTIS;112;103.887,93;
'1157T0024288;TAXUS 20MG TABLETA | CAJA X 100. TECNOFARMA;420;1.855,33;
'1157T0024286;TAXUS 20MG TABLETA | CAJA X 30. TECNOFARMA;30;118,00;
'166M0633293;TAZEPIN 30MG TABLETA | CAJA X 10. GARMISCH;390;7.197,12;
'14H0392458;TEARS NATURAL FREE 0.8ML SOLUCION OFTALMICAS | CAJA X 32. ALCON;2;25.201,88;
'1116C0050885;TEGRETOL RT 200MG TABLETA | CAJA X 20. NOVARTIS;90;982,12;
'1116C0050886;TEGRETOL RT 400MG TABLETA | CAJA X 20. NOVARTIS;300;2.974,98;
'171F0182062;TELZIR 700MG TABLETA | CAJA X 60. GLAXO;180;22.048,29;
'168T0044299;TEOFILINA RETARD 125MG TABLETA | CAJA X 30. GEN-FAR S.A;360;551,83;
'154T0044296;TEOFILINA RETARD 300MG TABLETA | CAJA X 20. EXPOFARMA;210;648,89;
'168T0514459;TERBINAFINA 250MG TABLETA | CAJA X 14. GEN-FAR S.A;327;1.888,32;
'130T0644489;TEROMAR INHALAR 18MCG CAPSULA | FRASCO X 30. BIOTOSCANA;1;100.000,00;
'1132T006A4309;TESTOVIRON DEPOT 250MG SOLUCION INYECTABLE | CAJA X 1. QUIMICA SHERING;2;19.655,20;
'168T0074315;TETRACICLINA 500MG TABLETA | CAJA X 100. GEN-FAR S.A;361;626,34;
'175T0094324;TIAMAX 100MG TABLETA | CAJA X 30. HEIMDALL;225;2.510,03;
'166T0094319;TIAMAX 200MG TABLETA | CAJA X 30. GARMISCH;75;1.579,89;
'175T0094323;TIAMAX 200MG TABLETA | CAJA X 30. HEIMDALL;240;2.158,08;
'175T0094322;TIAMAX 25MG TABLETA | CAJA X 30. HEIMDALL;275;3.420,30;
'150T0094318;TIAMINA 100MG/ML SOLUCION INYECTABLE | FRASCO X 10. ECAR;11;16.170,55;
'150T0094317;TIAMINA 300MG TABLETA | CAJA X 250. ECAR;2.520;2.182,18;
'168T0994321;TIAMINA 300MG TABLETA | CAJA X 250. GEN-FAR S.A;90;76,45;
'1112S0414238;TIAZOMET S 10/20MG TABLETA | CAJA X 14. METLEN PHARMA;28;200,00;
'1112S0414239;TIAZOMET S 10/20MG TABLETA | CAJA X 28. METLEN PHARMA;28;200,00;
'168T0594477;TICLOPIDINA 250MG TABLETA | CAJA X 10. GEN-FAR S.A;60;493,84;
'125B0540834;TIMALAR 100MCG SOLUCION NASAL | FRASCO X 200DOSIS. BIOGEN;19;446.149,45;
'125B0540835;TIMALAR 200MCG AEROSOL | FRASCO X 200DOSIS. BIOGEN;15;431.963,70;
'125B0540833;TIMALAR 50MCG AEROSOL | FRASCO X 200DOSIS. BIOGEN;1;23.526,04;
'154T0114330;TIMOLOL MALEATO 0.5% SOLUCION OFTALMICAS | FRASCO X 5ML. EXPOFARMA;129;109.216,65;
'142T0124340;TINIDAZOL 200MG/15ML SUSPENSION ORAL | FRASCO X 15ML. COASPHARMA;6;2.709,96;
'199T0124343;TINIDAZOL 500MG TABLETA | CAJA X 240. LAPROFF;1.260;6.155,52;
'287T001643164;TIRAS DE ONE TOUCH ULTRA CX50 1 UNIDAD | . X 1. JOHNSON & JOHNSON COLOMBIA S.A;3;94.500,00;
'1102N0093432;TISAT 100.000UI CREMA | TUBO X 30GR. LEMAG;13;21.045,00;
'1166T0674504;TOBRAMICINA 0.3% SOLUCION OFTALMICAS | FRASCO X . WASSER;1;1.642,24;
'1166T0674505;TOBRAMISONA 3/1MG SOLUCION OTICA | FRASCO X 5ML. WASSER;4;7.200,00;
'189T0714511;TOPAMAC 100MG TABLETA | FRASCO X 28. JANSSEN;112;4.967,00;
'1101T0714515;TOPIROL 100MG TABLETA | CAJA X 10. LEGRAND;120;1.840,78;
'1166P1183909;TOTAL COMFORT 5,00000MG SOLUCION OFTALMICAS | FRASCO X 15ML. WASSER;253;295.701,73;
'146T0194350;TOXOIDE TETANICO . SOLUCION INYECTABLE | CAJA X 1. DELTA;1;3.346,42;
'154T0204356;TRAMADOL 10% GOTAS | FRASCO X 10 ML. EXPOFARMA;133;56.241,25;
'168T0204357;TRAMADOL 50MG SOLUCION INYECTABLE | CAJA X 1. GEN-FAR S.A;10;1.322,94;
'168T0204360;TRAMADOL 50MG TABLETA | CAJA X 10. GEN-FAR S.A;331;1.009,95;
'219S000542265;TRAVAD PEG 3350 FC160 GRAMOS  KRD0003 CX20 1 UNIDAD | . X 1. LABORATORIO BAXTER;7;106.433,22;
'168T0230178;TRAZODONA 50MG TABLETA | CAJA X 50. GEN-FAR S.A;3.320;5.721,04;
'124D0511624;TRESILEN 0.10% CREMA | TUBO X 15GR. BIOCHEM;195;428.578,72;
'174I0702664;TRETINEX 20MG TABLETA | CAJA X 30. GYNOPHARMA;690;21.867,64;
'1141T0804550;TRIAMCINOLONA A 10MG /5ML SOLUCION INYECTABLE | CAJA X 1. RYAN;42;201.600,42;
'168T0874569;TRIMEBUTINA 200MG TABLETA | CAJA X 30. GEN-FAR S.A;12.260;12.815,17;
'168T0254389;TRIMETOPRIM SULFA 40-200MG/5ML SUSPENSION ORAL | FRASCO X 120ML. GEN-FAR S.A;7;5.231,25;
'142T0254383;TRIMETOPRIM SULFA 80+400MG JARABE | . X 120ML. COASPHARMA;2;996,17;
'168T0254387;TRIMETOPRIM SULFA 80/400MG TABLETA | CAJA X 100. GEN-FAR S.A;110;145,05;
'168T0254391;TRIMETOPRIM SULFA F 160/800MG TABLETA | CAJA X 100. GEN-FAR S.A;770;1.190,64;
'1102C1371369;TRIMICORT 0.05% CREMA | TUBO X 40GR. LEMAG;96;323.476,65;
'1101A0450335;TRIVIRAL 300+150+300 TABLETA | CAJA X 30. LEGRAND;300;13.651,65;
'1157A1270569;TROZOLET 1MG TABLETA | CAJA X 28. TECNOFARMA;56;14.609,68;
'1157T0414420;TRUCTUM 5MG TABLETA | CAJA X 30. TECNOFARMA;4.970;52.153,25;
'1110D0811697;TRUSOPT 2% SOLUCION OFTALMICAS | FRASCO X 5ML. MERCK SHARP DOMME;1;39.696,71;
'1153N0390001;TYSABRI 300 MG/ 15 ML CAJA X 1 AMPOLLA 15 ML AMPOLLA | CAJA X 1. STENDHAL;1;6.250.000,00;
'127R0010184;ULPIGAS  150MG TABLETA | CAJA X 250. BIOQUIFAR;2.350;1.706,58;
'127R0013985;ULPIGAS 300MG TABLETA | CAJA X 250. BIOQUIFAR;1.040;1.250,00;
'2198C002660489;ULTEC PRO 10X10 REF: 9801 CX5 1 UNIDAD | . X 1. COVIDIEN COLOMBIA S.A;2;9.922,50;
'1271P0050185;UNICIL L-A 1200000 SOLUCION INYECTABLE | CAJA X 1. GRUPO UNIPHARM;4;1.800,00;
'155E0021722;UNIPRIL 10MG TABLETA | CAJA X 30. FARMA;30;352,00;
'1145U0024594;UREADERM LACTATO 5+8% LOCION | FRASCO X 225ML. SCANDINAVIA;4;51.218,18;
'1158O0103575;UROPRAN 5MG TABLETA | CAJA X 20. TECNOQUIMICAS;2.730;15.600,00;
'126P1303938;UTROGESTAN 200MG TABLETA | CAJA X 15. BIOPASS;60;2.099,51;
'1143V0570001;VACUNA MENACTRA PEDIATRICA . SOLUCION INYECTABLE | FRASCO X 1. SANOFI PASTEUR;1;374.400,00;
'1143V0274670;VACUNA PNEUMO 23X0.5ML SOLUCION INYECTABLE | CAJA X 1. SANOFI PASTEUR;1;85.620,43;
'1143V0214659;VACUNA VAXIGRIP ADULTTO  SOLUCION INYECTABLE | CAJA X 1. SANOFI PASTEUR;2;61.008,28;
'175M0323223;VALCOX 10MG TABLETA | CAJA X 30. HEIMDALL;570;6.769,40;
'118V0124606;VALPROSID 250MG / 5ML JARABE | FRASCO X 120ML. BAGO;57;26.867,79;
'175V0353568;VALSAPREX 160MG TABLETA | CAJA X 14. HEIMDALL;1.886;7.441,04;
'175V0354687;VALSAPREX 80MG TABLETA | CAJA X 14. HEIMDALL;2.338;4.791,15;
'126T0894581;VASTAREL MR 35MG TABLETA | CAJA X 20. BIOPASS;390;11.904,55;
'2261V000930659;VENDA ALGODON 6 X 4 1 UNIDAD | CAJA X 1. SUPERTEX;1;1.429,00;
'2235V000933254;VENDA ALGODON 6 X 5     BOLSA X 18 1 UNIDAD | . X 1. LAOREN INTERNATIONAL S.A;2;1.525,81;
'2261V000933286;VENDA ELASTICA 6X5 BLANCA PX20 1 UNIDAD | . X 1. SUPERTEX;9;4.479,03;
'136V0404716;VENLAX 75MG TABLETA | CAJA X 20. BUSSIE;540;5.332,50;
'171S0014109;VENTILAN OSP . AEROSOL | AEROSOL X 200DOSIS. GLAXO;1;29.281,68;
'198V0164638;VERAPAMILO 120MG TABLETA | CAJA X 100. LAFRANCOL;9.650;6.304,17;
'198V0164637;VERAPAMILO 80MG TABLETA | CAJA X 100. LAFRANCOL;6.300;3.008,54;
'168V0164632;VERAPAMILO RETARD 240MG TABLETA | CAJA X 10. GEN-FAR S.A;1.110;3.194,77;
'1145I0472596;VIROSUPRIL 5% CREMA | TUBO X 5GR. SCANDINAVIA;2;112.860,00;
'1115V0454746;VITAMINA A 50,000 U.I TABLETA | CAJA X 50. NOVAMED;123;608,18;
'150A0310196;VITAMINA C 500 MG TABLETA | CAJA X 250. ECAR;1.410;1.608,88;
'1109A0310281;VITAMINA C 500MG TABLETA | CAJA X 250. MERCK;30;46,94;
'1135W0014810;WARFARINA 5MG TABLETA | CAJA X 50. RIDHI PHARMA;60;170,02;
'1166P1143901;WASSERTROL 5ML SOLUCION OFTALMICAS | FRASCO X 5 ML. WASSER;30;29.771,35;
'1166D0151481;WASSERVOLT 0.1% SOLUCION OTICA | FRASCO X 5ML. WASSER;7;9.322,67;
'1144A1710011;WINADEINE F 500+30MG TABLETA | CAJA X 30. SANOFI-AVENTIS;4.650;17.425,32;
'1144N0213471;WINTOMYLON SIUSPENSION X 120 ML 120 ML FRASCO | FRASCO X 120ML. SANOFI-AVENTIS;4;15.082,06;
'1136C0981223;XELODA 500MG TABLETA | CAJA X 120. ROCHE;120;21.943,55;
'186I0612626;XENETIX 300MG/ML SOLUCION INYECTABLE | FRASCO X 1. INVERSIONES AJOVECO;18;504.000,00;
'199Y0014824;YODOPOVIDONA . SOLUCION TOPICA | FRASCO X 120 ML. LAPROFF;13;4.955,93;
'171R0013994;ZANTAC E  SUSPENSION ORAL | FRASCO X 150ML. GLAXO;4;138.311,46;
'1146E0621903;ZETIA 10MG TABLETA | CAJA X 21. SCHERING PLOUGHT;42;7.403,76;
'1115A0190189;ZINTERGIA 100MG TABLETA | CAJA X 300. NOVAMED;1.380;2.318,55;
'1146S0414241;ZINTREPID 10/40MG TABLETA | CAJA X 28. SCHERING PLOUGHT;56;11.653,58;
'127C0871197;ZIVICAL D 600MG TABLETA | CAJA X 250. BIOQUIFAR;13.284;10.725,00;
'1121S0334190;ZOLOF 50MG TABLETA | CAJA X 20. PFIZER;60;6.026,12;
'168Z0074843;ZOLPIDEM 10MG TABLETA | CAJA X 10. GEN-FAR S.A;3.470;6.664,68;

;TOTAL :$54.732.720,65
;SON: CINCUENTA Y CUATRO MILLONES SETECIENTOS TREINTA Y DOS MIL SETECIENTOS VEINTE PESOS  CON 65 CENTAVOS.